{
  "analyticsMetadata": {
      "analytics-metadata": "retro-claims-key-from-aem"
  },
  "successMessages": {
      "apiSuccessMessages": [
        {
          "status": "PENDING",
          "title": "Pending for the member and travel coordinator to approve",
          "description": "<p>We are sorry to advise that your claim could not be processed due to a technical error.</p> <p>Please contact the <a href='https://experience.velocityfrequentflyer.com/member-support'>Velocity Membership Contact Centre</a> for assistance</p>"
        },
        {
          "status": "PENDING_FOR_TC",
          "title": "The member already approved, pending for the travel coordinator.",
          "description": "<p>We are sorry to advise that your claim could not be processed due to a technical error.</p> <p>Please contact the <a href='https://experience.velocityfrequentflyer.com/member-support'>Velocity Membership Contact Centre</a> for assistance</p>"
        },
        {
          "status": "PENDING_FOR_MEMBER",
          "title": "The travel coordinator already approved, pending for the member.",
          "description": "<p>We are sorry to advise that your claim could not be processed due to a technical error.</p> <p>Please contact the <a href='https://experience.velocityfrequentflyer.com/member-support'>Velocity Membership Contact Centre</a> for assistance</p>"
        },
        {
          "status": "ACTIVE",
          "title": "Both member and travel coordinator already approved.",
          "description": "<p>We are sorry to advise that your claim could not be processed due to a technical error.</p> <p>Please contact the <a href='https://experience.velocityfrequentflyer.com/member-support'>Velocity Membership Contact Centre</a> for assistance</p>"
        },
        {
          "status": "CREATED",
          "title": "Both member and travel coordinator already approved but Validity Start Date of the Grant is later than Request Date",
          "description": "<p>We are sorry to advise that your claim could not be processed due to a technical error.</p> <p>Please contact the <a href='https://experience.velocityfrequentflyer.com/member-support'>Velocity Membership Contact Centre</a> for assistance</p>"
        },
        {
          "status": "DEACTIVATED",
          "title": "Grant is deactivated, can re-activate later.",
          "description": "<p>We are sorry to advise that your claim could not be processed due to a technical error.</p> <p>Please contact the <a href='https://experience.velocityfrequentflyer.com/member-support'>Velocity Membership Contact Centre</a> for assistance</p>"
        },
        {
          "status": "CLOSED",
          "title": "Grant is revoked, cannot re-activate again.",
          "description": "<p>We are sorry to advise that your claim could not be processed due to a technical error.</p> <p>Please contact the <a href='https://experience.velocityfrequentflyer.com/member-support'>Velocity Membership Contact Centre</a> for assistance</p>"
        }
      ],
      "defaultSuccessMessage": {
        "title": "Success! You have accepted the Terms and Conditions",
        "description": "<p>Your request to nominate for an indivual to act on your behalf as a Travel Coordinator has been received. A separate email have been sent to the individual to action. Once they accepted the Terms & Conditions, you will receive a grant approval email. For more information, please refer to Travel Coordinator page.</p>\r\n"
      }
  },
  "errorMessages": {
      "apiErrorMessages": [
        {
          "code": 38663,
          "title": "No Matching Grant Found",
          "description": "<p>We are sorry to advise that your claim could not be processed due to a technical error.</p> <p>Please contact the <a href='https://experience.velocityfrequentflyer.com/member-support'>Velocity Membership Contact Centre</a> for assistance</p>"
        },
        {
          "code": 4154,
          "title": "Bad Request",
          "description": "<p>We are sorry to advise that your claim could not be processed due to a technical error.</p> <p>Please contact the <a href='https://experience.velocityfrequentflyer.com/member-support'>Velocity Membership Contact Centre</a> for assistance</p>"
        },
        {
          "code": 4155,
          "title": "Your link has expired",
          "description": "<p>Lorem ipsum dolor sit amet, consectetur adipiscing elit. Vestibulum ac ex luctus, convallis massa sed, efficitur urna. Curabitur ac cursus libero, in aliquet lectus. Duis finibus augue elementum volutpat blandit. For more information, please refer to Travel Coordinator page.</p>"
        }
      ],
      "defaultErrorMessage": {
        "title": "An Error Occured",
        "description": "<p>We are sorry to advise that your claim could not be processed due to a technical error.</p> <p>Please contact the <a href='https://experience.velocityfrequentflyer.com/member-support'>Velocity Membership Contact Centre</a> for assistance</p>"
      }
  }
}