{
  "emptyState": {
      "iconUrl": "/content/dam/we-retail/en/activities/biking/enduro-trail-jump.jpg",
      "title": "You currently have no Travel Coordinator",
      "description": "<p>To nominate for an individual to act on your behalf as your Travel Coordinator, please contact Membership Contact Centre 13 18 75. For more information, please refer to <a>Travel Coordinator</a> page.</p>\r\n"
    },
  "nonEmptyState": {
      "iconUrl": "/content/dam/we-retail-screens/usa.png",
      "title": "Here are your Travel Coordinator details:",
      "description": "<p>To update or modify your Travel Coordinator, please contact Membership Contact Centre 13 18 75</p>\r\n"
  },
  "errorMessages": {
      "defaultErrorMessage": {
        "title": "Default - catch all error",
        "description": "<p>Default - catch all error</p>\r\n"
      },
      "apiErrorMessages": [
        {
          "title": "No matching grant found.",
          "description": "<p>No matching grant found.</p>\r\n",
          "code": 38663
        },
        {
          "title": "Bad Request",
          "description": "<p>The token has expired.</p>\r\n",
          "code": 4154
        }
      ]
    },
  "componentKey": "aem-travel-coordinator-my-velocity",
  "analyticsMetadata": {
    "analytics-metadata": "amd_travel-coordinator-my-velocity_Vh2xmzjn"
  },
  ":type": "vff-core/components/content/travel-coordinator-my-velocity"
}