{
  "data": {
    "history": [
      {
        "activityDate": "2023-03-06",
        "activityType": "EXTERNAL_TRANSFER",
        "activitySubType": "TRANSFER_TO",
        "points": {
          "postedDate": "2023-03-06T07:17:19.327Z",
          "awardPoints": 1000
        },
        "description": "Points received from FLYBUYSAS",
        "partner": {
          "category": "Shop, Wine & Dine",
          "name": "FLYBUYS AUTOSWEEP",
          "commonName": "flybuys",
          "code": "FLYBUYSAS"
        }
      },
      {
        "activityDate": "2022-05-19",
        "activitySubType": "TRANSFER_TO",
        "activityType": "TRANSFER",
        "description": "Points transferred from ID: 0000411212",
        "id": "6286040fc341b0e49718a77b",
        "partner": {
        "category": "Other",
        "code": "FFPDEPT",
        "commonName": "FFPDEPT",
        "name": "FFPDEPT"
        },
        "points": {
        "awardPoints": 10000,
        "postedDate": "2022-05-19T08:47:11.811Z"
        }
    },
      {
        "id": "2b0e49fc12bbe60fe33194ba",
        "activityDate": "2021-07-04",
        "activityType": "FLIGHT",
        "activitySubType": "ACCURAL",
        "description": "VA1102, Brisbane - Newcastle, Virgin Australia",
        "disqualifiedBy": "VA Not Valid for Earn - X Class",
        "points": {
          "postedDate": "2021-07-07 09:35:00",
          "awardPointsBaseSubTotal": 2000,
          "awardPointsBonusSubTotal": 0,
          "awardPoints": 2000,
          "statusCredits": 25,
          "eligibleSectors": 1
        },
        "partner": {
          "category": "Airlines",
          "name": "Virgin Australia",
          "commonName": "Virgin Australia",
          "code": "VA"
        },
        "flight": {
          "airlineCode": "VA",
          "flightNumber": "1102",
          "fareClass": "Y",
          "origCode": "BNE",
          "origName": "Brisbane",
          "destCode": "NTL",
          "destName": "Newcastle",
          "bookingReferenceNumber": "HNDKVZ"
        }
      }
    ]
  },
  "metaData": {
    "count": 8,
    "page": {
      "offset": 0,
      "count": 5,
      "limit": 5
    }
  },
  "included" : {
    "summary": {
      "code": "AP",
      "earned": 2500,
      "redeemed": 300,
      "expired": 0
    }
  }
}
