{
    "activatedoffers":[
       {
          "terms":{
             "buttonLabel":"Terms and Conditions",
             "title":"Terms and conditions",
             "text":"<p>^Summer bonus Points Terms and Conditions</p> \n<p>This offer commences at 12:00am AEST on 1 November 2021 and ends at 11:59pm AEST on 2 January 2022 (Offer Period). Eligible Velocity members will earn bonus Points on <a href=\"https://experience.velocityfrequentflyer.com/partners-offers/everyday-essentials/7-eleven#tcs\" target=\"_blank\">Eligible Purchases</a> during the Offer Period at the following earn rates: double Points on their first visit, triple Points on their second visit, and 5x Points on their third visit. To be eligible for the bonus Velocity Points promotion you must&nbsp;&nbsp;</p> \n<p>(1) Activate this offer by clicking the activation link within the email or your Velocity member account within 7 days of receiving the email offer (by 10 November 2021);&nbsp;</p> \n<p>(2) Once you have activated the offer you must make an Eligible Purchase at any 7-Eleven in Australia by 2 January 2022;&nbsp;</p> \n<p>(3) Before completing an Eligible Purchase of fuel or other in-store products, ensure you either scan your Velocity-linked My Card or your Velocity Membership Card (physical or via the Velocity app).&nbsp;&nbsp;</p> \n<p>This offer is personal to the Velocity member who has received the activation email and is not transferable. No minimum spend required. Offer limited to only one activation and the relevant bonus Points will be awarded once for each eligible visit. Each visit must be on a separate calendar day.&nbsp;&nbsp;</p> \n<p>For the avoidance of doubt, the offer earn rates are: (i) on first visit, 4 Velocity Points for every 1 litre of Premium Fuel purchased, 2 Velocity Points for every 1 litre of Regular Fuel purchased, and 4 Points per $1 spent on in-store Eligible Purchases; (ii) on second visit, 6 Velocity Points for every 1 litre of Premium Fuel purchased, 3 Velocity Points for every 1 litre of Regular Fuel purchased, and 6 Points per $1 spent on in-store Eligible Purchases; and (iii) on third visit, 10 Velocity Points for every 1 litre of Premium Fuel purchased, 5 Velocity Points for every 1 litre of Regular Fuel purchased, and 10 Points per $1 spent on in-store Eligible Purchases. Premium Fuel includes Mobil Extra 95 and Mobil Supreme+ 98 only. Regular Fuel includes all other fuel types.&nbsp;</p> \n<p>Standard earn Points will be allocated to your Velocity account 24 hours following the transaction and the bonus Points within 14 business days of standard earn Points allocation.&nbsp;</p>"
          },
          "bgAttr":{
             "rendition-image":"aoffer_ir_SEAX2X3X5"
          },
          "renditions":{
             "imagesSet":{
                "720":"/content/dam/vff/velocity-new/partners-offers/everyday-essentials/7-eleven/images/2_VFF_Partnerpage_Banner_1920x628px (1).jpg/jcr:content/renditions/vffcore.web.720.0.jpg",
                "960":"/content/dam/vff/velocity-new/partners-offers/everyday-essentials/7-eleven/images/2_VFF_Partnerpage_Banner_1920x628px (1).jpg/jcr:content/renditions/vffcore.web.960.0.jpg",
                "1200":"/content/dam/vff/velocity-new/partners-offers/everyday-essentials/7-eleven/images/2_VFF_Partnerpage_Banner_1920x628px (1).jpg/jcr:content/renditions/vffcore.web.1200.0.jpg",
                "1920":"/content/dam/vff/velocity-new/partners-offers/everyday-essentials/7-eleven/images/2_VFF_Partnerpage_Banner_1920x628px (1).jpg/jcr:content/renditions/vffcore.web.1920.0.jpg"
             },
             "imageAlignment":{
                "horizontal":"center",
                "vertical":"center"
             },
             "imageDefault":"/content/dam/vff/velocity-new/partners-offers/everyday-essentials/7-eleven/images/2_VFF_Partnerpage_Banner_1920x628px (1).jpg/jcr:content/renditions/vffcore.web.720.0.jpg"
          },
          "pagePath":"/content/vff/velocity/en_au/home/api/offers/SEAX2X3X5",
          "redemption":{
             "buttonLabel":"Steps to redeem",
             "steps":[
                {
                   "text":"<p>Activate by 10 November 2021.</p>\r\n"
                },
                {
                   "text":"<p>Offer expires 2 January 2022.</p>\r\n"
                },
                {
                   "text":"<p>Make an eligible fuel or in-store purchase on three separate days at 7-Eleven^.</p>\r\n"
                },
                {
                   "text":"<p>Scan your Velocity linked My 7-Eleven app or My Velocity Digital Card or swipe your physical Velocity membership card at the checkout.</p>\r\n"
                },
                {
                   "text":"<p>Earn 2x Points on your next visit, 3x Points on your second visit, and 5x Points on your third visit^.</p>\r\n"
                }
             ]
          },
          "expirationDateLabel":"Ends in",
          "showCapType":"none",
          "showMaxCap":false,
          "apiResponses":[
             {
                "title":"This offer has expired. ",
                "value":"Promotion Closed",
                "ctaType":"primary",
                "newTab":false
             },
             {
                "title":"The maximum number of activations for this offer has been reached",
                "value":"Promotion Cap Reached",
                "ctaType":"primary",
                "newTab":false
             },
             {
                "title":"An error occurred while processing your request. Please try again later.",
                "value":"Bad Request",
                "ctaType":"primary",
                "newTab":false
             },
             {
                "title":"Sorry, you're not eligible for this offer.",
                "value":"Not in List",
                "ctaLink":"https://experience.velocityfrequentflyer.com/my-velocity#02012932311",
                "ctaLabel":"My Available Offers",
                "ctaType":"primary",
                "newTab":false
             },
             {
                "title":"Oops, an error occurred while processing your request. Please try again",
                "value":"Unknown Error",
                "ctaType":"primary",
                "newTab":false
             },
             {
                "title":"MEMBERSHIP ID NOT FOUND\r\nPlease check your membership ID and try again. \r\n",
                "value":"Membership Not Found",
                "ctaType":"primary",
                "newTab":false
             },
             {
                "title":"PROMOTION NOT FOUND\r\nPlease check and re-enter the promotion ID",
                "value":"Promotion Not Found",
                "ctaType":"primary",
                "newTab":false
             },
             {
                "title":"Sorry, you're not eligible for this offer. ",
                "value":"Not Eligible",
                "ctaType":"primary",
                "newTab":false
             },
             {
                "title":"Oops, something went wrong. Please try again later",
                "value":"Unauthorized",
                "ctaType":"primary",
                "newTab":false
             },
             {
                "title":"Offer activated - Fill up or Shop now to earn bonus Points",
                "value":"Already Activated",
                "ctaLink":"https://www.7eleven.com.au/store-locator.html",
                "ctaLabel":"Find a store",
                "ctaType":"primary",
                "newTab":true
             },
             {
                "title":"Offer activated - Fill up or Shop now to earn bonus Points",
                "value":"SUCCESS",
                "ctaLink":"https://www.7eleven.com.au/store-locator.html",
                "ctaLabel":"Find a store",
                "ctaType":"primary",
                "newTab":true
             }
          ],
          "targetOffer":false,
          "disableSecondaryActionPostActivationEndDate":true,
          "promoCode":"SEAX2X3X5",
          "relevantOffer":{
             
          },
          "keyCallOuts":[
             {
                "iconUrl":"/content/dam/vff/icons/app-icons/call-out-icons/120x120-ic-keycallout-bookby-rev-purple-web.png",
                "title":"Offer expires 2 January 2022."
             },
             {
                "iconUrl":"/content/dam/vff/icons/bp-icons/Icon_ShopAndFuel.png",
                "title":"Make an eligible fuel or in-store purchase on three separate days at 7-Eleven*"
             }
          ],
          "ctaContainer":{
             "ctaOpenInNewTab":false,
             "ctaType":"primary",
             "ctaAsLink":false,
             "ctaStyle":"primary",
             "ctaLabel":"Activate"
          },
          "partner":{
             "value":"7ELEVEN",
             "logo":"/content/dam/vff/velocity-new/partners-offers/everyday-essentials/7-eleven/images/7-Eleven_2021_Online_no r_logo_Final_nopadding-02.png",
             "description":"<p>Gate 711 is now open for Velocity members. Earn Points on eligible purchases at 7-Eleven*</p>\r\n",
             "apiKey":"FVtgOPvKUAonvkAi9qbcrAmzEaSTlGO6",
             "ctaContainer":{
                "ctaTitle":"Find out more",
                "ctaUrl":"https://www.7eleven.com.au/velocity",
                "ctaOpenInNewTab":true,
                "ctaType":"primary",
                "ctaAsLink":false,
                "ctaStyle":"primary",
                "ctaLabel":"Find out more"
             },
             "categoryColor":"#96005F",
             "renditions":{
                "imagesSet":{
                   "720":"/content/dam/vff/velocity-new/partners-offers/everyday-essentials/7-eleven/images/7-11-7-eleven-1920x1280-hp-banner.png/jcr:content/renditions/vffcore.web.720.0.png",
                   "960":"/content/dam/vff/velocity-new/partners-offers/everyday-essentials/7-eleven/images/7-11-7-eleven-1920x1280-hp-banner.png/jcr:content/renditions/vffcore.web.960.0.png",
                   "1200":"/content/dam/vff/velocity-new/partners-offers/everyday-essentials/7-eleven/images/7-11-7-eleven-1920x1280-hp-banner.png/jcr:content/renditions/vffcore.web.1200.0.png",
                   "1920":"/content/dam/vff/velocity-new/partners-offers/everyday-essentials/7-eleven/images/7-11-7-eleven-1920x1280-hp-banner.png/jcr:content/renditions/vffcore.web.1920.0.png"
                },
                "imageAlignment":{
                   "horizontal":"center",
                   "vertical":"center"
                },
                "imageDefault":"/content/dam/vff/velocity-new/partners-offers/everyday-essentials/7-eleven/images/7-11-7-eleven-1920x1280-hp-banner.png/jcr:content/renditions/vffcore.web.720.0.png"
             },
             "category":"Everyday Essentials",
             "name":"7-Eleven"
          },
          "promoLabel":{
             "title":"Bonus Points",
             "value":"BONUS_POINTS",
             "iconUrl":"/content/dam/vff/icons/app-icons/offer-icons/120x120-bonus-pink-web.png",
             "colour":"#FF4674"
          },
          "appOnlyOffer":false,
          "recaptchaActionNamePost":"offeractivationpost",
          "recaptchaActionNameGet":"offeractivationget",
          "recaptchaSiteKey":"",
          "offerType":{
             "title":"Earn + Bonus + Points",
             "value":"Earn_Bonus_Points"
          },
          "description":"<p>Earn 2x Points on your next visit, 3x Points on your second visit, and 5x Points on your third visit when you make an eligible purchase at 7-Eleven^.</p>\r\n",
          "title":"2x, 3x and 5x bonus Points on offer at 7-Eleven^.",
          "componentKey":"aem-aoffer",
          "analyticsMetadata":{
             "analytics-metadata":"amd_aoffer_SEAX2X3X5"
          },
          ":type":"vff-core/components/content/offer-item"
       },
       {
          "terms":{
             "buttonLabel":"Terms and Conditions",
             "text":"<p>*To be eligible for the Bonus Velocity Points and Status Credits promotion you must (1) activate this offer through the activation link contained in this email, via&nbsp;<a href=\"http://www.velocityfrequentflyer.com/\">www.velocityfrequentflyer.com</a>&nbsp;within the member dashboard under ‘My Offers’ or in the Velocity App between 12.01am AEST 09 November 2021 and 11.59pm AEST 12 December 2021 inclusive (Promotion Period); (2) book and travel on an Eligible Flight between 1 December 2021 and 30 June 2022 inclusive; and 3) enter a valid Velocity membership number at time of booking (Offer). An Eligible Flight is a flight marketed and operated by Delta Air Lines, Singapore Airlines, Etihad Airways, Air Canada or Hawaiian Airlines departing from an Australian city for travel to or via Los Angeles, Singapore, Abu Dhabi, Vancouver, Honolulu between 1 December 2021 and 30 June 2022 inclusive, on flights and fare classes where Velocity Points and Status Credits can normally be earned. Bonus Points and Status Credits are a one-time bonus and awarded only on the first international flight segment out of an Australian city on a one way basis of 6,000 Points and 60 Status Credits in Business or First Class, 4,000 Points and 40 Status Credits in Premium Economy and 2,000 Points and 20 Status Credits in Economy Class. Points and Status Credits cannot be earned on Velocity Reward Seat bookings with our international airline partners. Codeshare services marketed or operated by partner airlines, other than Delta Air Lines, Singapore Airlines, Etihad Airways, Air Canada or Hawaiian Airlines, are not eligible for this offer. Points and Status Credits will be credited to the Velocity membership account entered at the time of booking and the Velocity member must be the passenger travelling on the Eligible Flight. This Offer does not attract an additional tier bonus. Bonus Points will be applied to the originally purchased fare class and any upgrades from Economy to Premium Economy, Business or First Class will only attract Bonus Points as originally ticketed. Flights can be booked via the websites of Delta Air Lines, Singapore Airlines, Etihad Airways, Air Canada, Hawaiian Airlines, and your local travel agent. This Offer cannot be used in conjunction with any other offer or promotion. Please allow up to 6 weeks after the travel period for the bonus Velocity Points and Status Credits to be allocated.</p>"
          },
          "bgAttr":{
             "rendition-image":"aoffer_ir_PTNR3099"
          },
          "renditions":{
             "imagesSet":{
                "720":"/content/dam/vff/velocity-new/partners-offers/airlines/virgin-australia-airlines/images/VFF-OfferTile-1920x1280.jpg/jcr:content/renditions/vffcore.web.720.0.jpg",
                "960":"/content/dam/vff/velocity-new/partners-offers/airlines/virgin-australia-airlines/images/VFF-OfferTile-1920x1280.jpg/jcr:content/renditions/vffcore.web.960.0.jpg",
                "1200":"/content/dam/vff/velocity-new/partners-offers/airlines/virgin-australia-airlines/images/VFF-OfferTile-1920x1280.jpg/jcr:content/renditions/vffcore.web.1200.0.jpg",
                "1920":"/content/dam/vff/velocity-new/partners-offers/airlines/virgin-australia-airlines/images/VFF-OfferTile-1920x1280.jpg/jcr:content/renditions/vffcore.web.1920.0.jpg"
             },
             "imageAlignment":{
                "horizontal":"center",
                "vertical":"center"
             },
             "imageDefault":"/content/dam/vff/velocity-new/partners-offers/airlines/virgin-australia-airlines/images/VFF-OfferTile-1920x1280.jpg/jcr:content/renditions/vffcore.web.720.0.jpg"
          },
          "pagePath":"/content/vff/velocity/en_au/home/api/offers/PTNR3099",
          "redemption":{
             "buttonLabel":"Steps to redeem",
             "steps":[
                {
                   "text":"<p>Activate this offer by 12 December 2021.</p>\r\n"
                },
                {
                   "text":"<p>Book an eligible partner airline flight and include your Velocity Frequent Flyer number into your booking.</p>\r\n"
                },
                {
                   "text":"<p>Travel between 1 December 2021 and 30 June 2022.</p>\r\n"
                }
             ]
          },
          "expirationDateLabel":"Ends in",
          "showCapType":"none",
          "showMaxCap":false,
          "apiResponses":[
             {
                "title":"This offer has expired. ",
                "value":"Promotion Closed",
                "ctaType":"primary",
                "newTab":false
             },
             {
                "title":"The maximum number of activations for this offer has been reached",
                "value":"Promotion Cap Reached",
                "ctaType":"primary",
                "newTab":false
             },
             {
                "title":"An error occurred while processing your request. Please try again later.",
                "value":"Bad Request",
                "ctaType":"primary",
                "newTab":false
             },
             {
                "title":"Sorry, you're not eligible for this offer.",
                "value":"Not in List",
                "ctaLink":"https://experience.velocityfrequentflyer.com/my-velocity#02012932311",
                "ctaLabel":"My Available Offers",
                "ctaType":"primary",
                "newTab":false
             },
             {
                "title":"Oops, an error occurred while processing your request. Please try again",
                "value":"Unknown Error",
                "ctaType":"primary",
                "newTab":false
             },
             {
                "title":"MEMBERSHIP ID NOT FOUND\r\nPlease check your membership ID and try again. \r\n",
                "value":"Membership Not Found",
                "ctaType":"primary",
                "newTab":false
             },
             {
                "title":"PROMOTION NOT FOUND\r\nPlease check and re-enter the promotion ID",
                "value":"Promotion Not Found",
                "ctaType":"primary",
                "newTab":false
             },
             {
                "title":"Sorry, you're not eligible for this offer. ",
                "value":"Not Eligible",
                "ctaType":"primary",
                "newTab":false
             },
             {
                "title":"Oops, something went wrong. Please try again later",
                "value":"Unauthorized",
                "ctaType":"primary",
                "newTab":false
             },
             {
                "title":"Offer activated, book now to earn bonus Points and Status Credits",
                "value":"SUCCESS",
                "ctaLink":"https://experience.velocityfrequentflyer.com/offer/partner-airline-bonus#book",
                "ctaLabel":"Book now",
                "ctaType":"secondary",
                "newTab":false
             },
             {
                "title":"Offer activated, book now to earn bonus Points and Status Credits",
                "value":"Already Activated",
                "ctaLink":"https://experience.velocityfrequentflyer.com/offer/partner-airline-bonus#book",
                "ctaLabel":"Book now",
                "ctaType":"secondary",
                "newTab":false
             }
          ],
          "targetOffer":false,
          "disableSecondaryActionPostActivationEndDate":false,
          "promoCode":"PTNR3099",
          "relevantOffer":{
             
          },
          "keyCallOuts":[
             {
                "iconUrl":"/content/dam/vff/icons/app-icons/call-out-icons/120x120-ic-keycallout-bookby-rev-purple-web.png",
                "title":"Book and travel by 30 June 2022"
             }
          ],
          "ctaContainer":{
             "ctaOpenInNewTab":false,
             "ctaType":"primary",
             "ctaAsLink":false,
             "ctaStyle":"primary",
             "ctaLabel":"Activate"
          },
          "partner":{
             "value":"VELOCITY FREQUENT FLYER",
             "logo":"/content/dam/vff/velocity/logos/velocity-logo-join-red.png",
             "description":"<p><b>Velocity Frequent Flyer is the award-winning loyalty program of Virgin Australia.</b></p>\r\n<p>The program has a membership base of over 10 million, and gives members the ability to earn Points when flying to over 600 destinations worldwide, or on the ground through its wide range of retail partners and hotel portfolio.</p>\r\n",
             "categoryColor":"#5d5c5f",
             "renditions":{
                "imagesSet":{
                   "720":"/content/dam/vff/velocity-new/partners-offers/offers/images/1920x1280-Oct-Travel-Bundle-featured-offer-velocity-frequent-flyer.jpg/jcr:content/renditions/vffcore.web.720.0.jpg",
                   "960":"/content/dam/vff/velocity-new/partners-offers/offers/images/1920x1280-Oct-Travel-Bundle-featured-offer-velocity-frequent-flyer.jpg/jcr:content/renditions/vffcore.web.960.0.jpg",
                   "1200":"/content/dam/vff/velocity-new/partners-offers/offers/images/1920x1280-Oct-Travel-Bundle-featured-offer-velocity-frequent-flyer.jpg/jcr:content/renditions/vffcore.web.1200.0.jpg",
                   "1920":"/content/dam/vff/velocity-new/partners-offers/offers/images/1920x1280-Oct-Travel-Bundle-featured-offer-velocity-frequent-flyer.jpg/jcr:content/renditions/vffcore.web.1920.0.jpg"
                },
                "imageAlignment":{
                   "horizontal":"center",
                   "vertical":"center"
                },
                "imageDefault":"/content/dam/vff/velocity-new/partners-offers/offers/images/1920x1280-Oct-Travel-Bundle-featured-offer-velocity-frequent-flyer.jpg/jcr:content/renditions/vffcore.web.720.0.jpg"
             },
             "category":"Other",
             "name":"Velocity Frequent Flyer"
          },
          "promoLabel":{
             "title":"Bonus Points & Status",
             "value":"BONUS_POINTS_STATUS",
             "iconUrl":"/content/dam/vff/icons/app-icons/offer-icons/120x120-bonus-pink-web.png",
             "colour":"#FF4674"
          },
          "appOnlyOffer":false,
          "recaptchaActionNamePost":"offeractivationpost",
          "recaptchaActionNameGet":"offeractivationget",
          "recaptchaSiteKey":"",
          "offerType":{
             "title":"Earn + Bonus + Points & Status Credits",
             "value":"Earn_Bonus_Points_Status_Credits"
          },
          "description":"<p>To celebrate the return of international travel, earn up to 6,000 bonus Points and 60 Status Credits when you book and fly with one of our partner airlines departing Australia*.</p>\r\n",
          "title":"Be rewarded on your first international flight",
          "componentKey":"aem-aoffer",
          "analyticsMetadata":{
             "analytics-metadata":"amd_aoffer_PTNR3099"
          },
          ":type":"vff-core/components/content/offer-item"
       }
    ]
 }