{
  "data": {
    "certificateDetails": {
      "certificates": [
        {
          "certificateNumber": "990129233728",
          "expiryDate": "2022-05-14",
          "partner": "WESTPAC",
          "status": "A",
          "type": "ECONMX"
        }
      ],
      "redemptions": [
        {
          "bookingDate": "2019-03-07",
          "certificateNumber": "990129233636",
          "bookingReferenceNumber": "PNR123"
        }
      ]
    },
    "loungeDetails": {
      "membershipId": "1200885470",
      "entitledLoungeAccess": {
        "membershipNumber": "1200885470"
      },
      "voucherPasses": [
        {
          "voucherID": 69,
          "startDate": "2021-07-05",
          "endDate": "2022-03-12",
          "dateOfIssue": "2021-07-01",
          "numberAvailable": 1,
          "numberUsed": 1,
          "voucherType": "TIER_CHANGE"
        },
        {
          "voucherID": 92,
          "startDate": "2021-07-05",
          "endDate": "2022-03-12",
          "dateOfIssue": "2021-07-01",
          "numberAvailable": 1,
          "numberUsed": 1,
          "voucherType": "FOC_VOUCH"
        },
        {
          "voucherID": "2832710",
          "startDate": "2022-10-10",
          "endDate": "2023-10-23",
          "dateOfIssue": "2022-10-10",
          "numberAvailable": 2,
          "numberUsed": 0,
          "voucherType": "VABF"
        },
        {
          "voucherID": "2832979",
          "startDate": "2022-11-09",
          "endDate": "2023-11-22",
          "dateOfIssue": "2022-11-09",
          "numberAvailable": 2,
          "numberUsed": 0,
          "voucherType": "TIER_CHANGE"
        }
      ],
      "loungeMemberships": [
        {
          "status": "OK",
          "membershipType": "STANDARD",
          "startDate": "2021-07-05",
          "endDate": "2022-12-01",
          "schemeId": 82,
          "schemeCompanyName": "Thales Australia",
          "purchaseDate": "2021-07-05",
          "invoiceID": 3662092
        },
        {
          "status": "Transfered",
          "startDate": "2021-07-05",
          "endDate": "2022-12-01",
          "purchaseDate": "2021-07-05",
          "invoiceID": 3662093
        }
      ]
    },
    "compPartnerBenefitDetails": {
      "eligible": [
        {
          "membershipId": "1200885470",
          "tierLevelCode": "G",
          "eliteBenefitId": "1591823",
          "benefitType": "C",
          "partners": [
            {
              "type": "C",
              "programId": "2",
              "name": "Europcar",
              "code": "EU",
              "description": "Europcar Privilege",
              "programTier": "Privilege Elite"
            },
            {
              "type": "C",
              "programId": "1",
              "name": "Hertz",
              "code": "HE",
              "description": "Hertz Gold Plus Rewards",
              "programTier": "President's Circle"
            }
          ]
        }
      ],
      "opted": [
        {
          "membershipId": "1200885470",
          "tierLevelCode": "G",
          "eliteBenefitId": "197287",
          "benefitType": "H",
          "optInDate": "2021-08-09",
          "existingProgram": {
            "member": true,
            "memberId": "Test"
          },
          "partner": {
            "type": "H",
            "programId": "3",
            "name": "Hilton Honors&#153;",
            "code": "HI",
            "description": "Hilton Honors&#153;",
            "programTier": "Gold Elite"
          }
        }
      ]
    },
    "awardCreditDetails": {
      "awardCredits": [
        {
          "code": "BCPU",
          "description": "Guaranteed Economy Reward Seat Gold",
          "totalAvailable": 2,
          "available": [
            {
              "amount": 1,
              "expiresAt": "2021-10-31T13:59:59Z"
            },
            {
              "amount": 2,
              "expiresAt": "2022-10-31T13:59:59Z"
            }
          ]
        },
        {
          "code": "BBFBCU",
          "description": "Business Flyer - Business Class Upgrade",
          "totalAvailable": 4,
          "available": [
            {
              "amount": 3,
              "expiresAt": "2023-10-24T13:59:00Z"
            },
            {
              "amount": 1,
              "expiresAt": "2023-11-30T13:59:00Z"
            }
          ]
        },
        {
          "code": "BGERSV",
          "description": "Guaranteed Reward Seat VIP",
          "totalAvailable": 0
        },
        {
          "code": "BCUV",
          "description": "Silver Lounge Pass",
          "totalAvailable": 2,
          "available": [
            {
              "amount": 3,
              "expiresAt": "2022-11-30T13:57:00Z"
            },
            {
              "amount": 4,
              "expiresAt": "2022-10-24T00:00:00Z"
            }
          ]
        }
      ]
    }
  }
}
