{
  "data": {
    "eligible": [
      {
        "membershipId": "2100663142",
        "tierLevelCode": "G",
        "eliteBenefitId": "50",
        "benefitType": "H",
        "partners": [
          {
            "type": "H",
            "programId": "3",
            "name": "Hilton Honors",
            "code": "HI",
            "description": "Hilton Honors",
            "programTier": "Gold Elite"
          },
          {
            "type": "H",
            "programId": "4",
            "name": "IHG",
            "code": "IH",
            "description": "IHG Rewards Club",
            "programTier": "Gold Elite"
          }
        ]
      }   
    ],
    "opted": [
      {
        "membershipId": "2100663142",
        "tierLevelCode": "G",
        "eliteBenefitId": "40",
        "benefitType": "C",
        "optInDate": "2020-12-11",
        "existingProgram": {
          "member": "true",
          "memberId": "1234"
        },
        "partner": {
          "type": "C",
          "programId": "1",
          "name": "Hertz",
          "code": "HE",
          "description": "Hertz Gold Plus Rewards",
          "programTier": "Five Star"
        }
      }
    ] 
  }
}