{
    "sections": [
      {
        "sectionReference": "yourStatus",
        "panels": [
          {
            "order": 0,
            "panelType": "Status",
            "category": "Maintain",
            "state": "Countdown",
            "tierInfo": "G"
          },
          {
            "order": 1,
            "panelType": "Status",
            "category": "Upgrade",
            "state": "Default",
            "tierInfo": "P"
          }
        ]
      },
      {
        "sectionReference": "pointsActivity",
        "panels": [
          {
            "order": 0,
            "panelType": "Content",
            "category": "Hero",
            "state": "Zero_Points",
            "tierInfo": "G"
          }
        ]
      }
    ]
  }
