{
  "data": {
    "status": "200",
    "amex": {
      "external_rafaas_responses": [
        {
          "response_status_code": "200",
          "response_status_message_text": "Received Rafaas Response",
          "response_status_nm": "VALID_RAFAAS_RESPONSE",
          "http_status": "OK",
          "short_url": "http://amex.com.au/refer/jASENSnH6C",
          "gen_code": "349992751379332",
          "digital_asset_id": "GAUG55155100",
          "product_code": "GAUG55155100",
          "mgmer_name_jwt": "eyJ0eXAiOiJKV1QiLCJhbGciOiJIUzI1NiJ9.eyJpc3MiOiJWUlAiLCJzdWIiOiJNR00iLCJjbGllbnROYW1lIjoiVlJQIiwibWludXRlcyI6IjYwIiwiaWF0IjoxNTgzMTQ1OTg4LCJleHAiOjE1ODMxNDk1ODh9.wo5j4i8ummyLcesdtAhtitB8zIHljuHuYmiAw2lbdR4",
          "header_content": {
            "mgm_header": "Refer Friends. Get Rewarded",
            "card_art_url": "https://icm.aexp-static.com/Internet/MemberGetMember/card-art/AU_en/mgmee/velocity_escape.png",
            "product_vanity_name": "American Express Velocity Escape Card",
            "card_art_hover_text": "American Express Velocity Escape Card",
            "bonus_currency_symbol": "",
            "currency_symbol_prefix": false,
            "currency_symbol_suffix": false,
            "ui_template": ""
          },
          "mgmer_offer_content": {
            "offer_copy": "You can receive",
            "bonus_amount": "20,000",
            "bonus_amount_cap": "200,000",
            "bonus_currency_txt": "Velocity points",
            "addnl_offer_copy": "Velocity Points for each friend approved using your referral link. Your friend can apply for the Card you have or can choose from any of the available American Express Velocity Cards.",
            "extra_copy": "",
            "alternative_copy": ""
          },
          "mgmee_offer_content": {
            "offer_copy": "Your friend will receive",
            "bonus_amount": "10,000",
            "addnl_offer_copy": "Velocity Points if they are approved for an American Express Velocity Escape Card and meet the $750 minimum spend criteria. (T&Cs apply). That's 10,000 more Velocity Points than they would regularly receive."
          },
          "share_track_content": {
            "pre_populate_email_subject": "",
            "pre_populate_email_copy": "Type your message here to complete your referral. Your referral link is",
            "referral_link_supporting_txt": "",
            "mgmer_poid": "BAU",
            "mgmer_offer_tracking_flag": "BAU",
            "mgmer_product_tracking_id": "",
            "enable_native_share": false,
            "mgmeeExtLinkTrackingId": {
              "twitter": "tw01",
              "facebook": "fb01",
              "email_re": "er01",
              "copypaste": "cp01",
              "message": "ms01",
              "email": "em01"
            }
          },
          "terms_and_conditions": {
            "terms_and_condition_text": "Terms and Conditions",
            "terms_and_condition_link": "https://www.americanexpress.com/en-AU/referral/terms/PARTNERWIDGET/DEFAULT/GAUG55155100",
            "terms_and_condition_copy": "<div class=\"container-fluid pad-0-lr\" style=\"position: relative\"><div class=\"grid\"><div style=\"position:relative;\"><div class=\"card-img-bg \" style=\"background-image:url('');\"></div><div class=\"container\"><div class=\"row pad-1-t pad-1-b pad-1-l pad-1-r\"><div class=\"col-md-12 margin-0-tb\"><div style=\"border: ;\"><div class=\"richtext parbase\"><h3><b>'REFER A FRIEND' Terms and Conditions</b></h3></div><div class=\"richtext parbase\"><p>&nbsp;</p><p>American Express credit approval criteria apply. Participation in the \"Refer A Friend\" program is subject to eligibility deemed by American Express. All information is correct as at 13 February 2020 and is subject to change. American Express Australia Limited (ABN 92 108 952 085). American Express Consumer Credit Cards are offered, issued and administered under Australian Credit Licence No 291313. <sup>Æ</sup> Registered Trademark of American Express Company.</p><p>&nbsp;</p><p><b>Don't Spam!</b></p><p>American Express discourages spamming. By participating in 'Refer a Friend', you agree to these 'Refer a Friend' Terms and Conditions:</p><ul><li><b>Only Friends &amp; Family</b>: You must only send referral messages to close friends and family.</li><li><b>Ask Their Permission First</b>: You must ask the person for their permission to send them an email about your Card product. Sending emails to people without permission is considered spam.</li><li><b>Cap Referrals</b>: You may only send referral messages to a maximum of 20 friends and the amount of Velocity Points you may receive under the ëRefer a Friendí program is <u>capped at 200,000 points per year</u>.</li></ul><p>&nbsp;</p><p><b>The Offer</b>:<br>If you hold an American Express Velocity Escape Card, your reward when your friend is approved will be 20,000 Velocity Points and if you hold an American Express Velocity Gold Card, your reward when your friend is approved will be 30,000 Velocity Points. Your friend will receive 10,000 Velocity Points when they apply for a Velocity Escape Card, are approved and spend $750 in their first 3 months of Card Membership.</p><ul><li>Your friend must apply from the referral link we have given you. If your friend applies from a separate link or applies independently (i.e. if they visit www.americanexpress.com.au directly) you will not receive your Points.</li><li>You must not market or promote this offer through paid advertising channels or to the public at large (i.e. on public blog sites, search engines or in sponsored ads).</li><li>You will only receive Velocity Points if your friend's Card application is approved (in accordance with our usual Card application processes and assessments). Note: We will not tell you if your friend's Card application is approved or declined for privacy and confidentiality reasons.</li><li>You cannot refer a friend who already has one of our Cards or has held one in the last 18 months.</li><li>You must be enrolled in Velocity Frequent Flyer to receive bonus Velocity Points.</li><li>It may take 8 to 10 weeks to be credited Velocity Points if you are successful.</li></ul><p>&nbsp;</p><p><b>Why should I comply?</b></p><p>If you fail to comply with these 'Refer a Friend' Terms and Conditions, your participation in the program may be <b>cancelled and you will no longer be eligible for any Velocity Points from the 'Refer a Friend' program.</b></p></div></div></div></div></div></div></div></div>",
            "consent_copy_txt": "",
            "consent_checkbox_txt": "I confirm I have read and agree to the 'Refer a Friend' <a href='https://www.americanexpress.com/en-AU/referral/terms/PARTNERWIDGET/DEFAULT/GAUG55155100' target='_blank'>Terms and Conditions</a>",
            "display_detailed_terms": false
          },
          "additional_content": {
            "OCE_STATIC_COPY": "Receive bonus points for each successful referral. T&Cs apply.",
            "HUB_ITAG": "J30"
          }
        }
      ]
    }
  }
}
