{
    "data": [
        {
            "promotionCode": "SEAX2X3X5",
            "promotionProvider": "LCP",
            "promotionStatus": "RUNNING",
            "promotionShortDescription": "Multi Airline Test Promo",
            "promotionLongDescription": "Multi Airline Test Promo",
            "promotionName": "Multi Airline Test Promo",
            "promotionStartDate": "2021-08-18",
            "promotionEndDate": "2021-12-31",
            "mustRegister": false,
            "registrationStatus": "REGISTRABLE",
            "registrationStartDate": "2021-08-18",
            "registrationEndDate": "2021-09-17",
            "activityEndDate": "2021-12-31",
            "isRecurringPromotion": "Y",
            "achievementMaxCount": 1,
            "achievementCount": 0,
            "totalPhaseNumber": 1,
            "lastAchievedPhaseNumber": 0
        },
        {
            "promotionCode": "PTNR3099",
            "promotionProvider": "LCP",
            "promotionStatus": "RUNNING",
            "promotionShortDescription": "1A Batch Channel Test",
            "promotionLongDescription": "Promo duplicating 60f4c09b6f84b0e44e6e0919\nto test issue LTM-2324",
            "promotionName": "1A Batch Channel Test",
            "promotionStartDate": "2021-08-16",
            "promotionEndDate": "2021-12-31",
            "mustRegister": false,
            "registrationStatus": "REGISTRABLE",
            "registrationStartDate": "2021-08-16",
            "registrationEndDate": "2021-11-14",
            "activityEndDate": "2021-12-31",
            "isRecurringPromotion": "Y",
            "achievementMaxCount": 1,
            "achievementCount": 0,
            "totalPhaseNumber": 1,
            "lastAchievedPhaseNumber": 0
        },
        {
            "promotionCode": "PTNR3099",
            "promotionProvider": "LCP",
            "promotionStatus": "RUNNING",
            "promotionShortDescription": "7ELEVEN  PROMOTION ACC TEST",
            "promotionLongDescription": "7 ELEVEN ACC TEST",
            "promotionName": "7ELEVEN PROMOTION ACC TEST",
            "promotionStartDate": "2021-08-12",
            "promotionEndDate": "2021-08-31",
            "mustRegister": false,
            "registrationStatus": "REGISTRABLE",
            "registrationStartDate": "2021-08-12",
            "registrationEndDate": "2021-08-27",
            "activityEndDate": "2021-08-31",
            "isRecurringPromotion": "Y",
            "achievementMaxCount": 1,
            "achievementCount": 0,
            "totalPhaseNumber": 1,
            "lastAchievedPhaseNumber": 0
        },
        {
            "promotionCode": "PTNR3099",
            "promotionProvider": "LCP",
            "promotionStatus": "RUNNING",
            "promotionShortDescription": "7-Eleven 10SC Min $10 Spend on Fuel Bonus",
            "promotionLongDescription": "7-Eleven 10SC Min $10 Spend Bonus\nSpend $10 min on Fuel\nReceived 10SC one time",
            "promotionName": "7-Eleven 10SC Min $10 Spend on Fuel  Bonus",
            "promotionStartDate": "2021-08-03",
            "promotionEndDate": "2021-08-31",
            "mustRegister": true,
            "registrationStatus": "REGISTRABLE",
            "registrationStartDate": "2021-08-03",
            "registrationEndDate": "2021-08-10",
            "activityEndDate": "2021-08-31",
            "isRecurringPromotion": "Y",
            "achievementMaxCount": 1,
            "achievementCount": 0,
            "totalPhaseNumber": 1,
            "lastAchievedPhaseNumber": 0
        },
        {
            "promotionCode": "SEAX2X3X5",
            "promotionProvider": "LCP",
            "promotionStatus": "RUNNING",
            "promotionShortDescription": "VA Promotion - Double Points - TEST",
            "promotionLongDescription": "VA Promotion - Double Points - TEST\nWith Booking Date Restriction and Activation",
            "promotionName": "VA Promotion - Double Points - TEST",
            "promotionStartDate": "2021-08-02",
            "promotionEndDate": "2021-12-31",
            "mustRegister": true,
            "registrationStatus": "REGISTRABLE",
            "registrationStartDate": "2021-08-02",
            "registrationEndDate": "2021-08-12",
            "activityEndDate": "2021-12-31",
            "isRecurringPromotion": "Y",
            "achievementCount": 0,
            "totalPhaseNumber": 1,
            "lastAchievedPhaseNumber": 0
        },
        {
            "promotionCode": "SEAX2X3X5",
            "promotionProvider": "LCP",
            "promotionStatus": "RUNNING",
            "promotionShortDescription": "Complex Promotion Test ",
            "promotionLongDescription": "Complex Promotion Test ",
            "promotionName": "Complex Promotion Test ",
            "promotionStartDate": "2021-08-02",
            "promotionEndDate": "2021-12-31",
            "mustRegister": true,
            "registrationStatus": "REGISTRABLE",
            "registrationStartDate": "2021-08-02",
            "registrationEndDate": "2021-08-12",
            "activityEndDate": "2021-12-31",
            "isRecurringPromotion": "Y",
            "achievementMaxCount": 1,
            "achievementCount": 0,
            "totalPhaseNumber": 3,
            "lastAchievedPhaseNumber": 0
        }
    ]
}