{
  "data":[
     {
        "code":"BCUV",
        "id":"6168e140e4aab0e4f41dfb44",
        "activityDate":"2021-10-15",
        "amount":1,
        "flight":{
           "travelDate":"2021-10-15T10:00:00",
           "airlineCode":"VA",
           "flightNumber":"1",
           "fareClass":"Y",
           "origCode":"BNE",
           "destCode":"SYD",
           "bookingReferenceNumber":"YKIPAU"
        }
     },
     {
        "code":"BCUV",
        "id":"61721354470bb0e4b0829c20",
        "activityDate":"2021-10-22",
        "amount":2,
        "flight":{
          "travelDate":"2021-10-15T10:00:00",
          "airlineCode":"VA",
          "flightNumber":"1",
          "fareClass":"Y",
          "origCode":"BNE",
          "destCode":"SYD",
          "bookingReferenceNumber":"YKIPAU"
       }
     },
     {
      "code":"BCUV",
      "id":"61721354470bb0e4b0829c20h",
      "activityDate":"2021-10-22",
      "amount":2,
      "flight":{
        "travelDate":"2021-10-15T10:00:00",
        "airlineCode":"VA",
        "flightNumber":"1",
        "fareClass":"Y",
        "origCode":"BNE",
        "destCode":"SYD",
        "bookingReferenceNumber":"YKIPAU"
     }
   }
  ]
}
