{
    "data": [
      {
        "activityDate": "2020-07-31",
        "creditBalance": 51,
        "creditToUpgrade": 199
      },
      {
        "activityDate": "2020-08-31",
        "creditBalance": 49,
        "creditToUpgrade": 201
      },
      {
        "activityDate": "2020-09-30",
        "creditBalance": 47,
        "creditToUpgrade": 203
      },
      {
        "activityDate": "2020-10-09",
        "creditBalance": 44,
        "creditToUpgrade": 206
      },
      {
        "activityDate": "2020-10-10",
        "creditBalance": 24,
        "creditToUpgrade": 226
      },
      {
        "activityDate": "2020-10-31",
        "creditBalance": 4,
        "creditToUpgrade": 246
      },
      {
        "activityDate": "2021-02-28",
        "creditBalance": 2,
        "creditToUpgrade": 248
      }
    ]
  }
  