{
  "data": {
    "history": [
      {
        "id": "2b0e49fc12bbe60fe33dsas194ba",
        "activityDate": "2023-12-04",
        "activityType": "FLIGHT",
        "activitySubType": "ACCURAL",
        "description": "VA1102, Brisbane - Newcastle, Virgin Australia",
        "disqualifiedBy": "VA Not Valid for Earn - X Class",
        "points": {
          "postedDate": "2021-07-07 09:35:00",
          "awardPointsBaseSubTotal": 2000,
          "awardPointsBonusSubTotal": 0,
          "awardPoints": 2000,
          "statusCredits": 25,
          "eligibleSectors": 1
        },
        "partner": {
          "category": "Airlines",
          "name": "Virgin Australia",
          "commonName": "Virgin Australia",
          "code": "VA"
        },
        "flight": {
          "airlineCode": "VA",
          "flightNumber": "1102",
          "fareClass": "Y",
          "origCode": "BNE",
          "origName": "Brisbane",
          "destCode": "NTL",
          "destName": "Newcastle",
          "bookingReferenceNumber": "HNDKVZ"
        }
      },

      {
        "id": "65120f345edasdd6f655d0983a58",
        "activityDate": "2023-11-02",
        "activityType": "PROMOTION_REWARD",
        "activitySubType": "ACCRUAL",
        "points": {
          "postedDate": "2023-09-25T22:52:36.513Z",
          "statusCredits": 100,
          "awardPoints": 5000
        },
        "description": "Points Pro Overall Bonus Points",
        "partner": {
          "category": "Other",
          "name": "FFPDEPT",
          "commonName": "FFPDEPT",
          "code": "FFPDEPT"
        }
      },
      {
        "activityDate": "2024-01-15",
        "activityType": "",
        "id": "2b0e49fc12bbgsdgdsedas60fe33194bad",
        "activitySubType": "TRANSFER_TO",
        "points": {
          "postedDate": "2023-03-06T07:17:19.327Z",
          "awardPoints": 1000
        },
        "description": "Points received from FLYBUYSAS",
        "partner": {
          "category": "Shop, Wine & Dine",
          "name": "FLYBUYS AUTOSWEEP",
          "commonName": "flybuys",
          "code": "FLYBUYSAS"
        }
      },
      {
        "activityDate": "2024-02-19",
        "activitySubType": "TRANSFER_TO",
        "activityType": "TRANSFER",
        "description": "Points transferred from ID: 0000411212",
        "id": "6286040fc341b0e49718a77b",
        "partner": {
          "category": "Other",
          "code": "FFPDEPT",
          "commonName": "FFPDEPT",
          "name": "FFPDEPT"
        },
        "points": {
          "awardPoints": 10000,
          "postedDate": "2022-05-19T08:47:11.811Z"
        }
      },
      {
        "id": "2b0e49qfc12bbe60fe33194ba",
        "activityDate": "2023-12-04",
        "activityType": "FLIGHT",
        "activitySubType": "ACCURAL",
        "description": "VA1102, Brisbane - Newcastle, Virgin Australia",
        "disqualifiedBy": "VA Not Valid for Earn - X Class",
        "points": {
          "postedDate": "2021-07-07 09:35:00",
          "awardPointsBaseSubTotal": 2000,
          "awardPointsBonusSubTotal": 0,
          "awardPoints": 2000,
          "statusCredits": 25,
          "eligibleSectors": 1
        },
        "partner": {
          "category": "Airlines",
          "name": "Virgin Australia",
          "commonName": "Virgin Australia",
          "code": "VA"
        },
        "flight": {
          "airlineCode": "VA",
          "flightNumber": "1102",
          "fareClass": "Y",
          "origCode": "BNE",
          "origName": "Brisbane",
          "destCode": "NTL",
          "destName": "Newcastle",
          "bookingReferenceNumber": "HNDKVZ"
        }
      },
      {
        "id": "2b0e49qfc12bbe6d0fe33194ba",
        "activityDate": "2023-12-04",
        "activityType": "FLIGHT",
        "activitySubType": "ACCURAL",
        "description": "VA1102, Brisbane - Newcastle, Virgin Australia",
        "disqualifiedBy": "VA Not Valid for Earn - X Class",
        "points": {
          "postedDate": "2024-01-07T07:06:53.272Z",
          "awardPointsBaseSubTotal": 2000,
          "awardPointsBonusSubTotal": 0,
          "awardPoints": 1999,
          "statusCredits": 25,
          "eligibleSectors": 1
        },
        "partner": {
          "category": "Airlines",
          "name": "Virgin Australia",
          "commonName": "Virgin Australia",
          "code": "VA"
        },
        "flight": {
          "airlineCode": "VA",
          "flightNumber": "1102",
          "fareClass": "Y",
          "origCode": "BNE",
          "origName": "Brisbane",
          "destCode": "NTL",
          "destName": "Newcastle",
          "bookingReferenceNumber": "HNDKVZ"
        }
      },
      {
        "id": "65120f345edasdd6f65aaa5d0983a58",
        "activityDate": "2023-12-26",
        "activityType": "PROMOTION_REWARD",
        "activitySubType": "ACCRUAL",
        "points": {
          "postedDate": "2023-09-25T22:52:36.513Z",
          "statusCredits": 100,
          "awardPoints": 5001
        },
        "description": "Points Pro Overall Bonus Points",
        "partner": {
          "category": "Other",
          "name": "FFPDEPT",
          "commonName": "FFPDEPT",
          "code": "FFPDEPT"
        }
      },
      {
        "activityDate": "2024-01-15",
        "activityType": "",
        "id": "2b0e49fc1dsdad2bbgsdgdsedas60fe33194bad",
        "activitySubType": "TRANSFER_TO",
        "points": {
          "postedDate": "2023-03-06T07:17:19.327Z",
          "awardPoints": 1000
        },
        "description": "Points received from FLYBUYSAS",
        "partner": {
          "category": "Shop, Wine & Dine",
          "name": "FLYBUYS AUTOSWEEP",
          "commonName": "flybuys",
          "code": "FLYBUYSAS"
        }
      },
      {
        "activityDate": "2024-01-15",
        "activityType": "",
        "id": "2b0e49fc1dsdad2bbgsdsdadgdsedas60fe33194bad",
        "activitySubType": "TRANSFER_TO",
        "points": {
          "postedDate": "2023-03-06T07:17:19.327Z",
          "awardPoints": 1000
        },
        "description": "Points received from FLYBUYSAS",
        "partner": {
          "category": "Shop, Wine & Dine",
          "name": "FLYBUYS AUTOSWEEP",
          "commonName": "flybuys",
          "code": "FLYBUYSAS"
        }
      },
      {
        "activityDate": "2024-02-19",
        "activitySubType": "TRANSFER_TO",
        "activityType": "TRANSFER",
        "description": "Points transferred from ID: 0000411212",
        "id": "6286040fc341aaab0e49718a77b",
        "partner": {
          "category": "Other",
          "code": "FFPDEPT",
          "commonName": "FFPDEPT",
          "name": "FFPDEPT"
        },
        "points": {
          "awardPoints": 10000,
          "postedDate": "2022-05-19T08:47:11.811Z"
        }
      },
      {
        "id": "6541d2eaa279b72ef3f4863a",
        "activityDate": "2023-11-02",
        "activityType": "PROMOTION_REWARD",
        "activitySubType": "ACCRUAL",
        "points": {
          "postedDate": "2023-11-02T04:24:10.268Z",
          "awardPointsBonusSubTotal": 100,
          "awardPoints": 100
        },
        "description": "Points Pro Bonus 1 - UAT",
        "partner": {
          "category": "Other",
          "name": "FFPDEPT",
          "commonName": "FFPDEPT",
          "code": "FFPDEPT"
        }
      },
      {
        "id": "6541d2eaa279b72ef3f4863e",
        "activityDate": "2023-12-02",
        "activityType": "PROMOTION_REWARD",
        "activitySubType": "ACCRUAL",
        "points": {
          "postedDate": "2023-11-02T04:24:10.268Z",
          "awardPointsBonusSubTotal": 5500,
          "awardPoints": 5500
        },
        "description": "Points Pro Overall Bonus Points - UAT",
        "partner": {
          "category": "Other",
          "name": "FFPDEPT",
          "commonName": "FFPDEPT",
          "code": "FFPDEPT"
        }
      },
      {
        "id": "6541d2e9c8ece62e10faabdb",
        "activityDate": "2023-11-02",
        "activityType": "GENERIC_PRODUCT",
        "activitySubType": "ACCRUAL",
        "points": {
          "postedDate": "2023-11-02T04:24:09.322Z",
          "awardPointsBaseSubTotal": 2000,
          "awardPointsBonusSubTotal": 3000,
          "awardPoints": 5000
        },
        "description": "Europcar (CT) AUS/NZ Velocity Base Points",
        "partner": {
          "category": "Cars & Hotels",
          "name": "Europcar",
          "commonName": "Europcar",
          "code": "EUROPCAR"
        }
      }
    ]
  },
  "metaData": {
    "count": 4,
    "page": {
      "offset": 0,
      "count": 4,
      "limit": 20
    }
  },
  "included": {
    "categories": [
      {
        "name": "Cars & Hotels",
        "partners": [
          {
            "name": "Europcar",
            "code": "EUROPCAR"
          }
        ]
      },
      {
        "name": "Other",
        "partners": [
          {
            "code": "FFPDEPT"
          }
        ]
      }
    ]
  }
}
