{
  "code":200,
  "status":"success",
  "stats":{"total":0,"pages":0,"page":0,"count":0},
  "data":[
    {
      "id": "111538786",
      "name": "Apple Australia",
      "date": "2023-11-02 04:51:02",
      "status": "2",
      "synced": "0",
      "currency": "AUD",
      "amount": "100.00",
      "commission": "200",
      "merchant_id": "1655"
    },
    {
      "id": "111538785",
      "name": "Angus & Robertson Bookworld",
      "date": "2023-11-01 04:50:48",
      "status": "1",
      "synced": "0",
      "currency": "AUD",
      "amount": "100.00",
      "commission": "200",
      "merchant_id": "90224"
    },
    {
      "id": "111538787",
      "name": "Apple Australia test",
      "date": "2023-12-19 04:51:02",
      "status": "1",
      "synced": "0",
      "currency": "AUD",
      "amount": "100.00",
      "commission": "200",
      "merchant_id": "1655"
    },
    {
      "id": "111538788",
      "name": "Apple Australia test1",
      "date": "2024-01-01 04:51:02",
      "status": "1",
      "synced": "0",
      "currency": "AUD",
      "amount": "100.00",
      "commission": "20",
      "merchant_id": "1655"
    },
    {
      "id": "111538789",
      "name": "Apple Australia test2",
      "date": "2024-02-01 04:51:02",
      "status": "1",
      "synced": "0",
      "currency": "AUD",
      "amount": "100.00",
      "commission": "100",
      "merchant_id": "1655"
    }
  ]
}
