{
  "data": [
    {
      "promotionCode": "PP2023OV",
      "promotionProvider": "ADOBE",
      "promotionStatus": "RUNNING",
      "promotionShortDescription": "UAT Overall Bonus Point",
      "promotionLongDescription": "UAT Overall Bonus Points\nActivation Start and End date: 31/10/2023 – 31/10/2023\nActivity Start and End date:  01/11/2023 – 03/11/2023\nInsertion Start and End date: 01/11/2023-04/11/2023\nPromotion Start and End date: 31/10/2023 – 09/11/2023",
      "promotionName": "UAT Overall Bonus Points",
      "promotionStartDate": "2023-10-31",
      "promotionEndDate": "2023-11-09",
      "registrationStatus": "REGISTERED",
      "mustRegister": true,
      "registrationStartDate": "2023-10-31",
      "registrationEndDate": "2023-10-31",
      "activityStartDate": "2023-11-01",
      "registeredAt": "2023-10-31",
      "activityEndDate": "2023-11-03",
      "achievementMaxCount": 1,
      "achievementCount": 1,
      "totalPhaseNumber": 1,
      "lastAchievedPhaseNumber": 0
    },
    {
      "promotionCode": "PP2023B1",
      "promotionProvider": "ADOBE",
      "promotionStatus": "RUNNING",
      "promotionShortDescription": "UAT Points Pro Bonus 1",
      "promotionLongDescription": "UAT Points Pro Bonus 1\nActivation Start and End date: 31/10/2023 – 31/10/2023\nActivity Start and End date: 01/11/2023 - 01/11/2023\nInsertion Start and End date:    01/11/2023 – 02/11/2023\nPromotion Start and End Date: 31/10/2023 – 09/11/2023\n",
      "promotionName": "UAT Points Pro Bonus 1",
      "promotionStartDate": "2023-10-31",
      "promotionEndDate": "2023-11-09",
      "registrationStatus": "REGISTERED",
      "mustRegister": true,
      "registrationStartDate": "2023-10-31",
      "registrationEndDate": "2023-10-31",
      "activityStartDate": "2023-11-01",
      "registeredAt": "2023-10-31",
      "activityEndDate": "2023-11-01",
      "achievementMaxCount": 1,
      "achievementCount": 1,
      "totalPhaseNumber": 1,
      "lastAchievedPhaseNumber": 0
    },
    {
      "promotionCode": "PP2023B2",
      "promotionProvider": "ADOBE",
      "promotionStatus": "RUNNING",
      "promotionShortDescription": "UAT Points Pro Bonus 2",
      "promotionLongDescription": "UAT Points Pro Bonus 2\nActivation Start and End Date: 31/10/2023 – 31/10/2023\nActivity Start and End Date: 02/11/2023 -  02/11/2023\nInsertion Start and End Date:    02/11/2023 – 03/11/2023\nPromotion Start and End Date: 31/10/2023 – 09/11/2023",
      "promotionName": "UAT Points Pro Bonus 2",
      "promotionStartDate": "2023-10-31",
      "promotionEndDate": "2023-11-09",
      "registrationStatus": "REGISTERED",
      "mustRegister": true,
      "registrationStartDate": "2023-10-31",
      "registrationEndDate": "2023-10-31",
      "activityStartDate": "2023-11-02",
      "registeredAt": "2023-10-31",
      "activityEndDate": "2023-11-02",
      "achievementMaxCount": 1,
      "achievementCount": 0,
      "totalPhaseNumber": 1,
      "lastAchievedPhaseNumber": 0
    },
    {
      "promotionCode": "PP2023B3",
      "promotionProvider": "ADOBE",
      "promotionStatus": "RUNNING",
      "promotionShortDescription": "UAT Points Pro Bonus 3",
      "promotionLongDescription": "UAT Points Pro Bonus 3\nActivation Start and End Date: 31/10/2023 – 31/10/2023\nActivity Start and End Date: 03/11/2023 – 03/11/2023\nInsertion Start and End Date: 03/11/2023 – 04/11/2023\nPromotion Start and End Date: 31/10/2023 - 09/11/2023",
      "promotionName": "UAT Points Pro Bonus 3",
      "promotionStartDate": "2023-10-31",
      "promotionEndDate": "2023-11-09",
      "registrationStatus": "REGISTERED",
      "mustRegister": true,
      "registrationStartDate": "2023-10-31",
      "registrationEndDate": "2023-10-31",
      "activityStartDate": "2023-11-03",
      "registeredAt": "2023-10-31",
      "activityEndDate": "2023-11-03",
      "achievementMaxCount": 1,
      "achievementCount": 0,
      "totalPhaseNumber": 1,
      "lastAchievedPhaseNumber": 0
    },
    {
      "promotionCode": "FAKECODE",
      "promotionProvider": "LCP",
      "promotionStatus": "RUNNING",
      "promotionShortDescription": "Qatar Airways DBL Pts Promotion AUG23",
      "promotionLongDescription": "QR Prime and VA*QR Codeshare double Bonus Points network wide and open to all booking channels (ie va.com, QR.com, 3rd party websites and travel agent bookings).\n \nActivate Period: 16 August 2023 – 25 August 2023 \nTravel Period: 24 September 2023 – 10 December 2023 \nOverall Promotion Period: 16 August 2023 – 09 Jan 2024\n",
      "promotionName": "Qatar Airways DBL Pts Promotion AUG23",
      "promotionStartDate": "2023-08-07",
      "promotionEndDate": "2024-01-09",
      "registrationStatus": "NON_REGISTRABLE",
      "mustRegister": true,
      "registrationStartDate": "2023-08-07",
      "registrationEndDate": "2023-08-21",
      "activityEndDate": "2023-12-10",
      "achievementCount": 0,
      "totalPhaseNumber": 1,
      "lastAchievedPhaseNumber": 0
    }
  ]
}
