{
  "tabs": [
    {
      "title": "title",
      "id": "partner-banner-id1"
    },
    {
      "title": "status",
      "id": "partner-banner-id2"
    },
    {
      "title": "the third",
      "id": "partner-banner-id3"
    },
    {
      "title": "The four",
      "id": "partner-banner-id4",
      "offerCount": 1
    }
  ],
  "partner": {
    "value": "VMONEY",
    "logo": "/content/dam/campaign-sites/expo/en/images/hotel-logs/web_SuncorpVertical_PrimaryRGB.jpg",
    "description": "<p>Partner descritpjlsfj lsjf</p>\r\n<p> </p>\r\n<p> sjlfjks f</p>\r\n<p> </p>\r\n<p> jslfjk </p>\r\n",
    "tagLine": "<p>tagline fsjsl f</p>\r\n",
    "keyCallOuts": [
      {
        "iconUrl": "https://via.placeholder.com/10x10",
        "title": "Lorem ipsum, or lipsum as it is sometimes known"
      },
      {
        "iconUrl": "https://via.placeholder.com/10x10",
        "title": "Lorem ipsum, or lipsum"
      },
      {
        "iconUrl": "https://via.placeholder.com/10x10",
        "title": "Lorem ipsum, or lipsum ipsum"
      }
    ],
    "ctaContainer": {
      "ctaUrl": "",
      "ctaOpenInNewTab": false,
      "ctaType": "primary",
      "ctaStyle": "primary",
      "ctaAsLink": false,
      "ctaLabel": "Load more"
    },
    "categoryColor": "#0074D9",
    "renditions": {
      "imagesSet": {
        "720": "https://experience.velocityfrequentflyer.com/content/dam/vff/velocity/virgin-australia-blue-sky-header-banner-1903x625.jpg",
        "960": "https://experience.velocityfrequentflyer.com/content/dam/vff/velocity/virgin-australia-blue-sky-header-banner-1903x625.jpg",
        "1200": "https://experience.velocityfrequentflyer.com/content/dam/vff/velocity/virgin-australia-blue-sky-header-banner-1903x625.jpg",
        "1920": "https://experience.velocityfrequentflyer.com/content/dam/vff/velocity/virgin-australia-blue-sky-header-banner-1903x625.jpg"
      },
      "imageAlignment": {
        "horizontal": "center",
        "vertical": "center"
      },
      "imageDefault": "https://experience.velocityfrequentflyer.com/content/dam/vff/velocity/virgin-australia-blue-sky-header-banner-1903x625.jpg"
    },
    "category": "Airlines",
    "name": "Air Berlin"
  },
  "componentKey": "aem-partner-banner",
  "analyticsMetadata": {
    "analytics-metadata": "amd_partner-banner_QGwhntR6"
  },
  ":type": "vff-core/components/content/partner-banner"
}
