{
  "viewAllBenefitsCtaLabel": "All my Benefits",
  "viewAllBenefitsCtaLink": "/flying-status/flying-with-status/$tier-membership",
  "benefitsAtAGlanceLink": "https://www.velocityfrequentflyer.com/content/Status/Benefitsat-a-glance/",
  "membershipPurchase": {
    "name": "Lounge membership",
    "image": "benefits/lounge-membership.png",
    "heading": "Virgin Australia Lounge Membership",
    "details": "Purchase domestic Virgin Australia Lounge membership today to kick back and relax before your flight.",
    "note": "Become a Virgin Australia Lounge member",
    "analyticsCategory": "lounge-membership",
    "analyticsState": "purchase",
    "ctaLabel": "Learn more",
    "ctaLink": "https://www.virginaustralia.com/au/en/experience/at-the-airport/lounge/#prices-and-membership"
  },
  "membershipPurchaseDiscounted": {
    "name": "Lounge Membership",
    "image": "benefits/lounge-membership.png",
    "heading": "Virgin Australia Lounge Membership",
    "details": "Purchase domestic Virgin Australia Lounge membership for a reduced rate, plus no joining fee, to kick back and relax before your flight.",
    "note": "Enjoy a discounted Lounge membership",
    "analyticsCategory": "lounge-membership",
    "analyticsState": "purchase-discounted",
    "ctaLabel": "Learn more",
    "ctaLink": "http://www.virginaustralia.com/au/en/experience/at-the-airport/lounge/#prices-and-membership"
  },
  "membershipPurchased": {
    "name": "Lounge Membership",
    "image": "benefits/lounge-membership.png",
    "heading": "Virgin Australia Lounge Membership",
    "details": "Kick back and relax before your flight in Virgin Australia Lounges nationwide.",
    "note": "Enjoy Lounge access",
    "analyticsCategory": "lounge-membership",
    "analyticsState": "purchased",
    "ctaLabel": "Learn more",
    "ctaLink": "https://www.virginaustralia.com/au/en/experience/at-the-airport/lounge/#benefits"
  },
  "membershipComplimentary": {
    "name": "Lounge Membership",
    "image": "benefits/lounge-membership.png",
    "heading": "Virgin Australia Lounge Membership",
    "details": "Kick back and relax before your flight in Virgin Australia Lounges nationwide.",
    "note": "Enjoy complimentary Lounge access",
    "badge": "tick",
    "analyticsCategory": "lounge-membership",
    "analyticsState": "complimentary",
    "ctaLabel": "Learn more",
    "ctaLink": "https://www.virginaustralia.com/au/en/experience/at-the-airport/lounge/#benefits"
  },
  "loungePassesAvailable": {
    "name": "Lounge Passes",
    "image": "benefits/lounge-pass.png",
    "heading": "Virgin Australia Lounge Passes",
    "details": "Enjoy the domestic Virgin Australia Lounge passes loaded onto your membership card. Simply present your card at the Lounge.",
    "note": "You have $1 Virgin Australia Lounge passes",
    "analyticsCategory": "lounge-passes",
    "analyticsState": "available",
    "ctaLabel": "Learn more",
    "ctaLink": "https://www.velocityfrequentflyer.com/content/MyAccount/MyBenefits/"
  },
  "loungePassesUsedPromote": {
    "name": "Lounge Passes",
    "image": "benefits/lounge-pass.png",
    "heading": "Virgin Australia Lounge Passes",
    "details": "Keep enjoying access to the Lounge by purchasing a domestic Lounge membership.",
    "note": "You've used all of your Lounge passes",
    "analyticsCategory": "lounge-passes",
    "analyticsState": "used-buy",
    "ctaLabel": "Learn more",
    "ctaLink": "http://www.virginaustralia.com/au/en/experience/at-the-airport/lounge/#prices-and-membership"
  },
  "loungePassesPromote": {
    "name": "Lounge Passes",
    "image": "benefits/lounge-pass.png",
    "heading": "Virgin Australia Lounge Passes",
    "details": "Did you know you can purchase Virgin Australia domestic Lounge passes with Velocity Points or an eligible credit card?",
    "note": "Buy Virgin Australia Lounge passes",
    "badge": "$",
    "analyticsCategory": "lounge-passes",
    "analyticsState": "buy",
    "ctaLabel": "Buy now",
    "ctaLink": "https://shop.velocityfrequentflyer.com/travel/lounges.html"
  },
  "loungePassesUsedNoPromote": {
    "name": "Lounge Passes",
    "image": "benefits/lounge-pass.png",
    "heading": "Virgin Australia Lounge Passes",
    "details": "You've used all your Lounge passes but you can still enjoy complimentary Lounge access",
    "note": "You've used all of your Lounge passes",
    "analyticsCategory": "lounge-passes",
    "analyticsState": "used-cant-buy",
    "ctaLabel": "Learn more",
    "ctaLink": "https://www.virginaustralia.com/au/en/experience/at-the-airport/lounge/#benefits"
  },
  "flightUpgradesAvailable": {
    "name": "Flight upgrades",
    "image": "benefits/flight-upgrade.png",
    "heading": "Complimentary Flight Upgrades",
    "details": "Enjoy the luxury of Business Class by using a complimentary fare upgrade on your next Virgin Australia Domestic or International Short Haul flight",
    "note": "You have $1 flight upgrades left",
    "analyticsCategory": "flight-upgrade",
    "analyticsState": "remaining",
    "ctaLabel": "Learn more",
    "ctaLink": "https://www.velocityfrequentflyer.com/content/MyAccount/MyBenefits/?tabIndex=complimentaryUpgrades"
  },
  "flightUpgradesUsed": {
    "name": "Flight upgrades",
    "image": "benefits/flight-upgrade.png",
    "heading": "Complimentary Flight Upgrades",
    "details": "You've used all your complimentary flight upgrades. You can still upgrade with Points.",
    "note": "You've used all your flight upgrades",
    "analyticsCategory": "flight-upgrade",
    "analyticsState": "used",
    "ctaLabel": "Learn more",
    "ctaLink": "/flying-status/flight-upgrades/upgrademe-points"
  },
  "benefitsOfStatusRed": {
    "name": "Benefits",
    "image": "planes/plane-icon-red.png",
    "heading": "Velocity Members with Status",
    "details": "Priority Check-in, Boarding, Screening and Baggage; Access to 150+ lounges worldwide; Receive a Points bonus when flying on eligible fares",
    "note": "Start earning to upgrade",
    "analyticsCategory": "start-earning-status",
    "analyticsState": "start-earning-status-red",
    "ctaLabel": "Start earning now",
    "ctaLink": "/the-basics/status"
  },
  "benefitsOfStatusSilver": {
    "name": "Benefits",
    "image": "planes/plane-icon-silver.png",
    "heading": "Silver Benefits include:",
    "details": "2 single entry passes to access Virgin Australia domestic Lounge; International Priority Check-in; Complimentary baggage allowance",
    "note": "Enjoy your benefits",
    "analyticsCategory": "content",
    "analyticsState": "view-silver-benefits",
    "ctaLabel": "View benefits",
    "ctaLink": "/flying-status/flying-with-status/silver-membership"
  },
  "benefitsOfStatusExtensionSilver": {
    "heading": "Extension - Silver Benefits Include:",
    "details": "1 single entry pass to access Virgin Australia domestic Lounge; International Priority Check-in; Complimentary baggage allowance",
    "ctaLabel": "View benefits",
    "ctaLink": "/flying-status/flying-with-status/silver-membership"
  },
  "benefitsOfStatusDiscoverGold": {
    "name": "Benefits",
    "image": "planes/plane-icon-gold.png",
    "heading": "Discover Gold",
    "details": "Your benefits include but are not limited to: Fly Ahead to your destination on an earlier flight, access to Virgin Australia Lounges, Priority Check-in, Boarding and Baggage.",
    "note": "Enjoy Gold benefits",
    "analyticsCategory": "content",
    "analyticsState": "content-discover-gold",
    "ctaLabel": "Learn more",
    "ctaLink": "/flying-status/flying-with-status/gold-membership"
  },
  "carPassEligible": {
    "name": "Car hire membership",
    "image": "benefits/car-membership.png",
    "heading": "Complimentary Car Hire Membership",
    "details": "Enjoy equivalent $partner membership.",
    "disclaimer": "Redeemable one time only.",
    "note": "Enjoy one of our car hire partner equivalent membership",
    "analyticsCategory": "car-membership",
    "analyticsState": "unused",
    "ctaLabel": "Learn more",
    "ctaLink": "https://www.velocityfrequentflyer.com/content/MyAccount/MyBenefits/?tabIndex=car"
  },
  "carPassAccepted": {
    "name": "Car hire membership",
    "image": "benefits/car-membership.png",
    "heading": "Complimentary Car Hire Membership",
    "details": "You've claimed you complimentary $partner membership",
    "note": "$partner membership",
    "badge": "tick",
    "analyticsCategory": "car-membership",
    "analyticsState": "used",
    "ctaLabel": "Learn more",
    "ctaLink": "https://www.velocityfrequentflyer.com/content/MyAccount/MyBenefits/?tabIndex=car"
  },
  "hotelPassEligible": {
    "name": "Hotel membership",
    "image": "benefits/hotel-membership.png",
    "heading": "Complimentary Hotel Membership",
    "details": "Enjoy equivalent Hilton Honors or IHG membership. Redeemable one time only.",
    "disclaimer": "Redeemable one time only.",
    "note": "Enjoy one of our hotel partner equivalent membership",
    "analyticsCategory": "hotel-membership",
    "analyticsState": "unused",
    "ctaLabel": "Learn more",
    "ctaLink": "https://www.velocityfrequentflyer.com/content/MyAccount/MyBenefits/?tabIndex=hotel"
  },
  "hotelPassAccepted": {
    "name": "Hotel membership",
    "image": "benefits/hotel-membership.png",
    "heading": "Complimentary Hotel Membership",
    "details": "You've claimed you complimentary $partner membership",
    "note": "$partner membership",
    "badge": "tick",
    "analyticsCategory": "hotel-membership",
    "analyticsState": "used",
    "ctaLabel": "Learn more",
    "ctaLink": "https://www.velocityfrequentflyer.com/content/MyAccount/MyBenefits/?tabIndex=hotel"
  },
  "error": {
    "image": "icon-error.png",
    "message": "Sorry we're currently unable to retrieve your Status details.",
    "messageBenefits": "Sorry, we're currently unable to check for complimentary memberships and other benefits. Please try again shortly.",
    "messageAwardCredits": "Sorry, we're currently unable to check for complimentary flight upgrades. Please try again shortly.",
    "messageLoungeDetails": "Sorry, we're currently unable to check for lounge membership and passes. Please try again shortly."
  }
}
