{
  "creditsToMaintainLabel": "Status Credits to maintain",
  "eligibleSectorsToMaintainLabel": "Eligible Sectors to maintain",
  "yourReviewDateLabel": "Your review date:",
  "maintainedStatusCredits": "Status Credits",
  "maintainedEligibleSectors": "Eligible Sectors",
  "maintainedReviewDateTitle": "Great work!",
  "howStatusReviewWorksLabel": "Learn more about earning Status Credits",
  "howStatusReviewWorksLink": "/the-basics/status/",
  "statusLevelsLabel": "Earn Status Credits",
  "statusLevelsLink": "/the-basics/status/earn-tables",
  "reviewStatusTitle": "Your Status is under review",
  "underReviewTitle": "Your Status is under review",
  "underReviewMessage": "Status Credits and sectors earned whilst under review count towards your next review period",
  "pausedStatusTitle": "Your Status is Paused",
  "pausedMessage": "Your Status has been paused",
  "pausedStatusMessage": "Your Status will resume:",
  "creditsToUpgradeLabel": "Status Credits to upgrade",
  "eligibleSectorsToUpgradeLabel": "Eligible Sectors to upgrade",
  "nextStatusCreditsExpireLabel": "Next Status Credits expire:",
  "expirationsOccurLabel": "Status Credits expire after 12 months",
  "yourStatusExpirationsLabel": "How far are you from upgrading",
  "riskLosingStatusLabel": "Be sure to maintain your Status.",
  "companionTitle": "On your way to gift Status",
  "companionGiftCtaLink": "/member-support#0600192857",
  "learnMoreAboutGiftingStatusLabel": "Learn more about gifting Status",
  "learnMoreAboutGiftingStatusLink": "/flying-status/flying-with-status/platinum-membership#accordion-content-1627551609-1",
  "educationStatusHeading": "Learn more about our Program",
  "educationTitle": "Velocity member benefits",
  "educationContent": [
    "Receive access to member only offers with our 200+ partners",
    "Use Points to book Reward Seats, upgrade  your flight and more",
    "Family Pool your Points and Status Credits to reach Silver status"
  ],
  "educationLearnMoreLabel": "Learn More",
  "educationLearnMoreLink": "https://experience.velocityfrequentflyer.com/the-basics",
  "upgradeTable": {
    "futureTitle": "FUTURE UPGRADE OPPORTUNITIES",
    "futureText": "Status credits expire and are removed from your balance 12 months after the earn activity date. Your status credit balance may go up or down on a daily basis as credits are earned or expired. Velocity members can upgrade to the next tier as soon as they have earned enough status credits in the preceding 12 month period. Eligibility to upgrade is reviewed every day. The table below shows your upcoming status credit expiry dates, your status credit balance on the last day before the expiry event and how many additional status credits you would need to earn on or before that date to upgrade to the next tier. ^",
    "headers": [
      "Upcoming status credit expiry dates",
      "Your status credit balance on this date",
      "Earn this many status credits on/before this date to upgrade"
    ],
    "footers": [
      "^You must also meet eligible sector requirements to upgrade.",
      "* Your Status Credit balance is calculated based on the number of Status Credits earned in the previous 12 months"
    ]
  },
  "benefitsHeading": "My Current Benefits",
  "benefitsDetailSilver": "Your benefits include, but are not limited to:",
  "benefitsContentSilver": [
    "2 single entry passes to access Virgin Australia Lounge",
    "International Priority Check-in and Priority Boarding",
    "Complimentary baggage allowance"
  ],
  "benefitsLinkSilver": "/flying-status/flying-with-status/silver-membership",
  "benefitsDetailGold": "Your benefits include, but are not limited to:",
  "benefitsContentGold": [
    "Fly Ahead to your destination on an earlier flight",
    "Access to 150+ lounges worldwide, including Virgin Australia Lounges",
    "Priority Check-in, Boarding, Screening and Baggage"
  ],
  "benefitsLinkGold": "/flying-status/flying-with-status/gold-membership",
  "benefitsDetailPilotGold": "Your benefits include, but are not limited to:",
  "benefitsContentPilotGold": [
    "Fly Ahead to your destination on an earlier flight",
    "Access to 150+ lounges worldwide, including Virgin Australia Lounges",
    "Priority Check-in, Boarding, Screening and Baggage"
  ],
  "benefitsLinkPilotGold": "/flying-status/flying-with-status/gold-membership",
  "benefitsContentExploreGold": [
    "Fly Ahead to your destination on an earlier flight",
    "Access to 150+ lounges worldwide, including Virgin Australia Lounges",
    "Priority Check-in, Boarding, Screening and Baggage"
  ],
  "benefitsLinkExploreGold": "/flying-status/flying-with-status/gold-membership",
  "benefitsDetailExploreGold": "Your benefits include, but are not limited to:",
  "benefitsContentDiscoverGold": [
    "Fly Ahead to your destination on an earlier flight",
    "Access to 150+ lounges worldwide, including Virgin Australia Lounges",
    "Priority Check-in, Boarding, Screening and Baggage"
  ],
  "benefitsLinkDiscoverGold": "/flying-status/flying-with-status/gold-membership",
  "benefitsDetailDiscoverGold": "Your benefits include, but are not limited to:",
  "benefitsContentPlatinum": [
    "Four complimentary upgrades to Business Class",
    "Fly Ahead to your destination on an earlier flight",
    "Access to 150+ lounges worldwide, including Virgin Australia Lounges"
  ],
  "benefitsContentExtensionPlatinum": [
    "Two complimentary upgrades to Business Class",
    "Fly Ahead to your destination on an earlier flight",
    "Access to 150+ lounges worldwide, including Virgin Australia Lounges"
  ],
  "benefitsLinkPlatinum": "/flying-status/flying-with-status/platinum-membership",
  "benefitsDetailPlatinum": "Your benefits include, but are not limited to:",
  "toolTipsMaintain": [
    "The outer Status ring shows how close you are to earning the Status Credits you need to maintain your current Status.",
    "The inner Time ring shows how much time you have left of your Review Period to earn them.",
    "To stay on track, keep your Status ring in line with or ahead of your Time ring."
  ],
  "toolTipsUpgrade": [
    "The Status ring shows how close you are to earning enough Status Credits to upgrade to the next Status. ",
    "The ring will retract when those Status Credits expire (12 months from the day you earned them).",
    "To stay on track, earn Status Credits more often."
  ],
  "toolTipsCompanionGold": [
    "<p>You can now earn Status Credits toward gifting Gold Status to another Velocity member.</p>",
    "<p>The outer Status ring shows how close you are to being eligible to gift status.</p> <p>The inner review period ring shows how long you have left to earn Status Credits to gift Gold to another Velocity member.</p>",
    "<p>Once you've achieved your goal, status gifting will be available through our call centre:</p>",
    "<div class='status-card__tooltip__phone-number'><p>13 18 75</p></div>",
    "<div class='status-card__tooltip__times'><p>8:00am to 8:00pm (AEDT)</p><p>Monday to Friday</p></div>"
  ],
  "toolTipsCompanionPlatinum": [
    "<p>You can now earn Status Credits toward gifting Platinum Status to another Velocity member or your previously nominated Companion Gold will be automatically upgraded to Platinum Status.</p>",
    "<p>The outer Status ring shows how close you are to being eligible to gift status.</p><p> The inner review period ring shows how long you have left to earn Status Credits to gift Platinum to another Velocity member.</p>",
    "<p>Once you've achieved your goal, status gifting will be available through our call centre:</p>",
    "<div class='status-card__tooltip__phone-number'><p>13 18 75</p></div>",
    "<div class='status-card__tooltip__times'><p>8:00am to 8:00pm (AEDT)</p><p>Monday to Friday</p></div>"
  ],
  "expiryTitle": "Your Points are due to expire in $1 days",
  "expiryContent": "Points expire if you’re inactive for 24 months. To ensure you retain your current Points balance, start earning today!",
  "expiryLink": "Earn Points",
  "expiryLinkDestination": "/the-basics/earning-points",
  "vipTileHeadingOne": "VIP Benefits",
  "vipTileHeadingTwo": "Any questions?",
  "vipBenefitsTitle": "Make the most out of the club",
  "vipEducationTitle": "Let us help you",
  "benefitsContentVip": [
    "<p>For the time being, the Virgin Australia Club is temporarily closed. Enjoy any time access to the Virgin Australia Business Lounges across our network.</p>",
    "<p>Flexible baggage allowance on Virgin Australia operated services.</p>",
    "<p>Access to a dedicated Premium Guest Services contact team to assist with all enquiries.</p>"
  ],
  "educationContentVip": [
    "For all travel and Velocity queries contact The Club Executive Services team on:",
    "Free call 1800 041 404 (within Australia and New Zealand)",
    "+61 7 3295 5621 (internationally)",
    "<a href=\"mailto:theclubexecutiveservices@virginaustralia.com\">theclubexecutiveservices@virginaustralia.com</a>"
  ],
  "educationLearnMoreLabelVip": "Email Enquiry"
}
