{
  "title": "<p><b><span class=\"color color--purple\">Welcome, {{firstName}} {{lastName}}</span></b></p>\r\n",
  "description": "<p>Complete your account and get started with My Velocity.</p>\r\n",
  "gamificationMessage": "Complete your Profile and earn",
  "gamificationImageUrl": "https://via.placeholder.com/192x50",
  "completeMemberPagePath": "http://localhost:9001/iframe.html?id=my-details--my-details-submission-success&viewMode=story",
  "campaignStartDate" : 1714436880000,
  "consentGrantBeforeDate" : 1714436880000,
  "passwordDetails": {
    "title": "Password",
    "ctaContainer": {
      "ctaTitle": "Continue",
      "ctaOpenInNewTab": false,
      "ctaType": "secondary",
      "ctaAsLink": false,
      "ctaStyle": "secondary",
      "ctaLabel": "Continue"
    },
    "errorMessages": {
      "defaultErrorMessage": {
        "description": "<p>An error has occurred.</p>\r\n<p>Please close this message and try submitting again.</p>\r\n<p>If you are seeing this message more than once, please call the Member Contact Centre on 13 18 75.</p>\r\n"
      },
      "apiErrorMessages": [{
          "description": "<p>Velocity Membership number not found.</p>\r\n",
          "code": 4109
        },
        {
          "description": "<p>The email service failed when sending an email.</p>\r\n",
          "code": 4176
        },
        {
          "description": "<p>System error.</p>\r\n",
          "errorFieldName": "enrolmentSource",
          "code": 4001
        }
      ]
    }
  },
  "securityQuestionDetails": {
    "title": "Security Question",
    "ctaContainer": {
      "ctaTitle": "Continue",
      "ctaOpenInNewTab": false,
      "ctaType": "secondary",
      "ctaAsLink": false,
      "ctaStyle": "secondary",
      "ctaLabel": "Continue"
    },
    "errorMessages": {
      "defaultErrorMessage": {
        "description": "<p>An error has occurred.</p>\r\n<p>Please close this message and try submitting again.</p>\r\n<p>If you are seeing this message more than once, please call the Member Contact Centre on 13 18 75.</p>\r\n"
      },
      "apiErrorMessages": [{
          "description": "<p>No matching member found.</p>\r\n",
          "code": 37105
        },
        {
          "description": "<p>Received security information invalid.</p>\r\n",
          "code": 39556
        },
        {
          "description": "<p>Input value does not match with any pre-defined values.</p>\r\n",
          "code": 37156
        },
        {
          "description": "<p>Invalid input format.</p>\r\n",
          "code": 37101
        },
        {
          "description": "<p>System error.</p>\r\n",
          "errorFieldName": "enormnentsource",
          "code": 4001
        }
      ]
    }
  },
  "myDetailsForm": {
    "title": "My Details",
    "personalDetails": {
      "title": "Personal Information",
      "firstNameTooltip": {
        "text": "<p>First Name should match passport or identification.</p>\r\n"
      }
    },
    "homeAddressDetails": {
      "title": "Home Address",
      "checkboxText": "Do you want to provide your business address?"
    },
    "businessAddressDetails": {
      "title": "Business Address"
    },
    "contactNumberDetails": {
      "title": "Contact Details"
    },
    "emailDetails": {
      "title": "Email"
    },
    "ctaContainer": {
      "ctaTitle": "Complete My Profile",
      "ctaOpenInNewTab": false,
      "ctaType": "secondary",
      "ctaAsLink": false,
      "ctaStyle": "secondary",
      "ctaLabel": "Complete My Profile"
    },
    "errorMessages": {
      "defaultErrorMessage": {
        "description": "<p>An error has occurred.</p>\r\n<p>Please close this message and try submitting again.</p>\r\n<p>If you are seeing this message more than once, please call the Member Contact Centre on 13 18 75.</p>\r\n"
      },
      "apiErrorMessages": [{
        "description": "<p>Duplicate Membership is found</p>\r\n",
        "code": 37014
      }]
    }
  },
  "confirmationPage": {
    "title": "You're all set!",
    "description": "<p>Your Velocity account has been completed. Continue to My Velocity and start earning Points today.</p>\r\n",
    "ctaContainer": {
      "ctaTitle": "Return to My Velocity",
      "ctaUrl": "/content/vff/velocity/en_au/home/my-velocity/offers.html",
      "ctaOpenInNewTab": true,
      "ctaType": "secondary",
      "ctaAsLink": false,
      "ctaStyle": "secondary",
      "ctaLabel": "Return to My Velocity"
    } 
  },
  "interstitialErrorPage": {
    "iconUrl": "https://via.placeholder.com/300X300",
    "title": "Nice one, {{firstName}} {{lastName}}!",
    "description": "<p>Your Velocity account has been completed.</p>\r\n",
    "errorMessage": {
      "title": "We encountered an error processing your bonus Points this time",
      "description": "<p>Sorry about that. Check your internet connection and wait a few minutes before trying again.</p>\r\n",
      "ctaContainer": {
        "ctaTitle": "Try again",
        "ctaOpenInNewTab": false,
        "ctaType": "secondary",
        "ctaStyle": "secondary",
        "ctaAsLink": false,
        "ctaLabel": "Try again"
      }
    },
    "ctaContainer": {
      "ctaTitle": "RETURN TO MY VELOCITY",
      "ctaUrl": "/content/vff/velocity/en_au/home/my-velocity.html",
      "ctaOpenInNewTab": true,
      "ctaType": "secondary",
      "ctaStyle": "secondary",
      "ctaAsLink": false,
      "ctaLabel": "Go to My Velocity"
    }
  },
  "successPage": {
    "iconUrl": "https://via.placeholder.com/300X300",
    "title": "<p><b>Nice one,&nbsp; {{firstName}} {{lastName}}!<br>\r\n</b></p>\r\n<p><b>You’re all set!</b></p>\r\n",
    "description": "<p>Your Velocity account has been completed and you’ve earned 10 Points</p>\r\n",
    "bonusPointsMessage": "<p>Bonus Points may take {X} days to land in your account</p>\r\n",
    "downloadApps": {
      "iconUrl": "https://via.placeholder.com/80x80",
      "title": "Earn more bonus Points with the Velocity App!",
      "description": "<p>Sorry about that. Check your internet connection and wait a few minutes before trying again.</p>\r\n",
      "ios": {
        "title": "Scan for iPhone",
        "iconUrl": "https://via.placeholder.com/100X100",
        "ctaContainer": {
          "ctaTitle": "App store",
          "ctaOpenInNewTab": true,
          "ctaImage": "https://via.placeholder.com/135x40",
          "ctaUrl": "https://itunes.apple.com/au/app/velocity-frequent-flyer/id1374138571?mt=8",
          "ctaType": "image",
          "ctaStyle": "image",
          "ctaAsLink": false,
          "ctaLabel": "App store"
        }
      },
      "android": {
        "title": "Scan for android",
        "iconUrl": "https://via.placeholder.com/100X100",
        "ctaContainer": {
          "ctaTitle": "Google play store",
          "ctaOpenInNewTab": true,
          "ctaImage": "https://via.placeholder.com/135x40",
          "ctaUrl": "https://play.google.com/store/apps/details?id=com.velocity.frequentflyer",
          "ctaType": "image",
          "ctaStyle": "image",
          "ctaAsLink": false,
          "ctaLabel": "Google play store"
        }
      }
    },
    "ctaContainer": {
      "ctaTitle": "GO TO MY VELOCITY",
      "ctaUrl": "/content/vff/velocity/en_au/home/my-velocity.html",
      "ctaOpenInNewTab": true,
      "ctaType": "secondary",
      "ctaStyle": "secondary",
      "ctaAsLink": false,
      "ctaLabel": "GO TO MY VELOCITY"
    }
  },
  "componentKey": "aem-incomplete-member-form",
  "analyticsMetadata": {
    "analytics-metadata": "amd_incomplete-member-form_sC9bNSMA"
  },
  ":type": "vff-core/components/content/incomplete-member-form"
}