{
  "linkGroups": [
    {
      "title": "Support",
      "links": [
        {
          "title": "Member Support",
          "iconUrl": "/content/dam/vff/support.jpg",
          "label": "Member Support",
          "openInNewTab": true,
          "href": "/content/vff/velocity/en_au/home/member-support.html"
        },
        {
          "title": "Velocity Log in",
          "iconUrl": "/content/dam/vff/velocity.jpg",
          "label": "Velocity Log in",
          "openInNewTab": true,
          "href": "/content/vff/velocity/en_au/home/frequent-flyer-log-in"
        }
      ]
    },
    {
      "title": "Read our blog",
      "links": [
        {
          "title": "View by Velocity",
          "iconUrl": "/content/dam/vff/nav-icons/group.svg",
          "label": "View by Velocity",
          "openInNewTab": true,
          "href": "/content/vff/velocity/en_au/view.html"
        },
        {
          "title": "velocity",
          "iconUrl": "/content/dam/vff/nav-icons/shape.svg",
          "label": "velocity",
          "openInNewTab": true,
          "href": "https://play.google.com/store/apps/details?id=com.velocity.frequentflyer"
        }
      ]
    },
    {
      "title": "Get Velocity Shop & Earn",
      "links": [
        {
          "title": "Shop & Earn",
          "iconUrl": "/content/dam/vff/velocity/shop-earn.svg",
          "backgroundImage": "https://via.placeholder.com/140x40",
          "label": "Shop & Earn",
          "openInNewTab": true,
          "href": "/content/vff/velocity/en_au/home/shopping-online/shop.html"
        }
      ]
    }
  ],
  "downloadApp": {
    "title": "Download our app",
    "links": [
      {
        "title": "Download on Google Play",
        "iconUrl": "/content/dam/vff/download.jpg",
        "backgroundImage": "https://via.placeholder.com/120x40",
        "label": "Download on Google Play",
        "openInNewTab": false,
        "href": "https://play.google.com/store/apps/details?id=com.velocity.frequentflyer&hl=en_AU"
      },
      {
        "title": "Download on Play Store",
        "iconUrl": "/content/dam/vff/play-store.jpg",
        "backgroundImage": "https://via.placeholder.com/140x40",
        "label": "Download on Play Store",
        "openInNewTab": false,
        "href": "https://apps.apple.com/au/app/velocity-frequent-flyer/id1374138571"
      }
    ]
  },
  "subFooterLinks": [
    {
      "title": "Terms & Conditions",
      "iconUrl": "/content/dam/vff/download.jpg",
      "label": "Terms and conditions",
      "openInNewTab": true,
      "href": "/content/vff/velocity/en_au/home/member-support/terms-conditions.html"
    },
    {
      "title": "Terms of use",
      "iconUrl": "/content/dam/vff/download.jpg",
      "label": "Terms of Use",
      "openInNewTab": false,
      "href": "/content/vff/velocity/en_au/home/member-support/terms-of-use.html"
    },
    {
      "title": "Privacy",
      "iconUrl": "/content/dam/vff/download.jpg",
      "label": "Privacy",
      "openInNewTab": false,
      "href": "/content/vff/velocity/en_au/home/member-support/privacy.html"
    },
    {
      "title": "Media centre",
      "iconUrl": "/content/dam/vff/download.jpg",
      "label": "Media centre",
      "openInNewTab": true,
      "href": "/content/vff/velocity/en_au/home/member-support/media-centre.html"
    }
  ],
  "socialLinks": [
    {
      "title": "Facebook",
      "iconUrl": "https://via.placeholder.com/14",
      "label": "Facebook",
      "openInNewTab": true,
      "href": "www.facebook.com"
    },
    {
      "title": "Instagram",
      "iconUrl": "https://via.placeholder.com/14",
      "label": "Instagram",
      "openInNewTab": false,
      "href": "www.instagram.com"
    },
    {
      "title": "Linkedin",
      "iconUrl": "https://via.placeholder.com/14",
      "label": "Linkedin",
      "openInNewTab": false,
      "href": "www.Linkedin.com"
    }
  ],
  "velocityLogo": {
    "logoPath": "https://via.placeholder.com/130x40",
    "altText": "Velocity Logo",
    "url": "/content/vff/velocity/en_au/home.html"
  },
  "virginLogo": {
    "logoPath": "https://via.placeholder.com/140x40",
    "altText": "Loyalty Program of Virgin Australia",
    "url": "/content/vaa/virginaustralia/au/en.html"
  },
  "disclaimerText": "<p>Virgin Australia is proud to acknowledge the traditional custodians of the land on which we walk, work, live and fly, and pay our respects to Elders past, present and future.</p>\r\n",
  "componentKey": "aem-footer",
  "analyticsMetadata": {
    "analytics-metadata": "amd_footer_velocity_footer_footer_experiencefragment"
  },
  ":type": "vff-core/components/content/footer"
}
