{
  "iconLinkTiles": [
   {
    "iconPath": "/content/dam/vff/velocity/main-img.jpg",
    "title": "Password",
    "description": "<p>Change your password.</p>\r\n",
    "tooltip": {
     "text": "<p>our Velocity Password allows you to access your Velocity membership account online, as well as the Velocity eStore.</p>\r\n"
    },
    "ctaContainer": {
     "ctaTitle": "Change",
     "ctaUrl": "/content/vff/velocity/en_au/home/my-velocity.html",
     "ctaOpenInNewTab": true,
     "ctaType": "red-link",
     "ctaAsLink": true,
     "ctaStyle": "red-link",
     "ctaLabel": "Change"
    }
   },
   {
    "iconPath": "/content/dam/vff/velocity/main-img.jpg",
    "title": "Security Question",
    "description": "<p>Change your security question and answer.</p>\r\n",
    "tooltip": {
     "text": "<p>You will be required to answer your Security Question whenever you change or reset your Velocity Password, and in some cases your Velocity PIN. This may also be necessary when you contact our Membership Contact Centre.</p>\r\n"
    },
    "ctaContainer": {
     "ctaTitle": "Change",
     "ctaUrl": "/content/vff/velocity/en_au/home/complete-my-profile.html",
     "ctaOpenInNewTab": true,
     "ctaType": "red-link",
     "ctaAsLink": true,
     "ctaStyle": "red-link",
     "ctaLabel": "Change"
    }
   },
   {
    "iconPath": "/content/dam/vff/velocity/main-img.jpg",
    "title": "Velocity PIN",
    "description": "<p>Create or change your Velocity PIN.</p>\r\n",
    "tooltip": {
     "text": "<p>Your Velocity PIN may be used for account transactions including, but not limited to, redemptions with eligible Program Partners and for account verification purposes.</p>\r\n"
    },
    "ctaContainer": {
     "ctaTitle": "Manage",
     "ctaUrl": "/content/vff/velocity/en_au/home/my-velocity.html",
     "ctaOpenInNewTab": true,
     "ctaType": "red-link",
     "ctaAsLink": true,
     "ctaStyle": "red-link",
     "ctaLabel": "Manage"
    }
   }
  ],
  "componentKey": "aem-icon-link-tiles",
  "analyticsMetadata": {
   "analytics-metadata": "amd_icon-link-tiles_G5W9fpKg"
  },
  ":type": "vff-core/components/content/icon-link-tiles"
 }