{
  "count": 2,
  "reservations": [
    {
      "type": "Commercial",
      "recordLocator": "KJHPWZ",
      "dateCreated": "2020-09-16T22:56:00",
      "dateUpdated": "2020-11-24T21:13:51",
      "itinerary": [
        {
          "type": "Flight",
          "id": 1,
          "passive": false,
          "departure": {
            "port": {
              "code": "SYD",
              "name": "Sydney"
            },
            "date": "2020-10-15T08:40:00+11:00",
            "timezone": "Australia/Sydney"
          },
          "arrival": {
            "port": {
              "code": "ADL",
              "name": "Adelaide"
            },
            "date": "2020-10-15T10:20:00+10:30",
            "timezone": "Australia/Adelaide"
          },
          "operatedBy": "VIRGIN AUSTRALIA INTL",
          "marketingCarrier": {
            "code": "VA",
            "name": "Virgin Australia"
          },
          "marketingFlightNumber": "0412",
          "operatingCarrier": {
            "code": "VA",
            "name": "Virgin Australia"
          },
          "operatingFlightNumber": "0412",
          "equipment": {
            "code": "73H",
            "name": "Boeing 737-800 (with winglets)"
          },
          "actionCode": "HK",
          "fareClass": "X",
          "fareBrand": {
            "code": "RE",
            "name": "Reward Economy"
          },
          "cabin": {
            "code": "Y",
            "name": "Economy"
          },
          "checkInInfo": {
            "onlineCheckIn": {
              "open": 2880,
              "close": 45
            },
            "counterCheckIn": {
              "open": 120,
              "close": 30
            }
          },
          "flightId": "VA412/15OCT19SYD",
          "journeyId": "VA412/15OCT19SYD",
          "journeyRoute": "SYD-ADL",
          "journeyIsInternational": false
        },
        {
          "type": "Flight",
          "id": 2,
          "passive": false,
          "departure": {
            "port": {
              "code": "ADL",
              "name": "Adelaide"
            },
            "date": "2020-11-19T09:00:00+10:30",
            "timezone": "Australia/Adelaide"
          },
          "arrival": {
            "port": {
              "code": "SYD",
              "name": "Sydney"
            },
            "date": "2020-11-19T11:25:00+11:00",
            "timezone": "Australia/Sydney"
          },
          "operatedBy": "VIRGIN AUSTRALIA INTL",
          "marketingCarrier": {
            "code": "VA",
            "name": "Virgin Australia"
          },
          "marketingFlightNumber": "0413",
          "operatingCarrier": {
            "code": "VA",
            "name": "Virgin Australia"
          },
          "operatingFlightNumber": "0413",
          "equipment": {
            "code": "73H",
            "name": "Boeing 737-800 (with winglets)"
          },
          "actionCode": "HK",
          "fareClass": "X",
          "fareBrand": {
            "code": "RE",
            "name": "Reward Economy"
          },
          "cabin": {
            "code": "Y",
            "name": "Economy"
          },
          "checkInInfo": {
            "onlineCheckIn": {
              "open": 2880,
              "close": 45
            },
            "counterCheckIn": {
              "open": 120,
              "close": 30
            }
          },
          "flightId": "VA413/19NOV19ADL",
          "journeyId": "VA413/19NOV19ADL",
          "journeyRoute": "ADL-SYD",
          "journeyIsInternational": false
        }
      ],
      "passengers": [
        {
          "type": "Adult",
          "id": "01.01",
          "givenName": "ANDREW",
          "surname": "TEST",
          "title": "MR",
          "loyaltyMembership": {
            "programId": "VA",
            "membershipId": "1182369533",
            "tier": "GLD"
          },
          "itinerary": [
            {
              "seatSelection": false,
              "seatSelectionClosedDateTime": "2020-10-15T07:40:00+11:00",
              "seatSelectionReason": "seat selection closed",
              "seat": "6C",
              "seatClass": "Economy",
              "baggageAllowance": {
                "includedAllowance": {
                  "pieces": 2,
                  "weightPerPiece": {
                    "value": 23,
                    "unit": "KG"
                  }
                }
              },
              "id": 1,
              "flightId": "VA412/15OCT19SYD"
            },
            {
              "seatSelection": false,
              "seatSelectionClosedDateTime": "2020-11-19T08:00:00+10:30",
              "seatSelectionReason": "seat selection closed",
              "seat": "6C",
              "seatClass": "Economy",
              "baggageAllowance": {
                "includedAllowance": {
                  "pieces": 2,
                  "weightPerPiece": {
                    "value": 23,
                    "unit": "KG"
                  }
                }
              },
              "id": 2,
              "flightId": "VA413/19NOV19ADL"
            }
          ],
          "contactInfo": [
            {
              "type": "ContactEmail",
              "use": "@E",
              "value": "ANDREW.DEAN@VELOCITYFREQUENTFLYER.COM"
            },
            {
              "type": "ContactPhoneNumber",
              "value": "61400000001",
              "use": "M",
              "countryCode": "61"
            }
          ]
        },
        {
          "type": "Adult",
          "id": "02.01",
          "givenName": "MEM REAL A",
          "surname": "VFFQA",
          "title": "MR",
          "loyaltyMembership": {
            "programId": "VA",
            "membershipId": "7800003493",
            "tier": "GLD"
          },
          "itinerary": [
            {
              "seatSelection": false,
              "seatSelectionClosedDateTime": "2020-10-15T07:40:00+11:00",
              "seatSelectionReason": "seat selection closed",
              "seat": "6B",
              "seatClass": "Economy",
              "baggageAllowance": {
                "includedAllowance": {
                  "pieces": 2,
                  "weightPerPiece": {
                    "value": 23,
                    "unit": "KG"
                  }
                }
              },
              "id": 1,
              "flightId": "VA412/15OCT19SYD"
            },
            {
              "seatSelection": false,
              "seatSelectionClosedDateTime": "2020-11-19T08:00:00+10:30",
              "seatSelectionReason": "seat selection closed",
              "seat": "6B",
              "seatClass": "Economy",
              "baggageAllowance": {
                "includedAllowance": {
                  "pieces": 2,
                  "weightPerPiece": {
                    "value": 23,
                    "unit": "KG"
                  }
                }
              },
              "id": 2,
              "flightId": "VA413/19NOV19ADL"
            }
          ]
        }
      ]
    },
    {
      "type": "Commercial",
      "recordLocator": "KJHPWZ",
      "dateCreated": "2020-09-16T22:56:00",
      "dateUpdated": "2020-11-24T21:13:51",
      "itinerary": [
        {
          "type": "Flight",
          "id": 1,
          "passive": false,
          "departure": {
            "port": {
              "code": "SYD",
              "name": "Sydney"
            },
            "date": "2019-10-15T08:40:00+11:00",
            "timezone": "Australia/Sydney"
          },
          "arrival": {
            "port": {
              "code": "ADL",
              "name": "Adelaide"
            },
            "date": "2020-10-15T10:20:00+10:30",
            "timezone": "Australia/Adelaide"
          },
          "operatedBy": "VIRGIN AUSTRALIA INTL",
          "marketingCarrier": {
            "code": "VA",
            "name": "Virgin Australia"
          },
          "marketingFlightNumber": "0412",
          "operatingCarrier": {
            "code": "VA",
            "name": "Virgin Australia"
          },
          "operatingFlightNumber": "0412",
          "equipment": {
            "code": "73H",
            "name": "Boeing 737-800 (with winglets)"
          },
          "actionCode": "HK",
          "fareClass": "X",
          "fareBrand": {
            "code": "RE",
            "name": "Reward Economy"
          },
          "cabin": {
            "code": "Y",
            "name": "Economy"
          },
          "checkInInfo": {
            "onlineCheckIn": {
              "open": 2880,
              "close": 45
            },
            "counterCheckIn": {
              "open": 120,
              "close": 30
            }
          },
          "flightId": "VA412/15OCT19SYD",
          "journeyId": "VA412/15OCT19SYD",
          "journeyRoute": "SYD-ADL",
          "journeyIsInternational": false
        },
        {
          "type": "Flight",
          "id": 2,
          "passive": false,
          "departure": {
            "port": {
              "code": "ADL",
              "name": "Adelaide"
            },
            "date": "2019-11-19T09:00:00+10:30",
            "timezone": "Australia/Adelaide"
          },
          "arrival": {
            "port": {
              "code": "SYD",
              "name": "Sydney"
            },
            "date": "2020-11-19T11:25:00+11:00",
            "timezone": "Australia/Sydney"
          },
          "operatedBy": "VIRGIN AUSTRALIA INTL",
          "marketingCarrier": {
            "code": "VA",
            "name": "Virgin Australia"
          },
          "marketingFlightNumber": "0413",
          "operatingCarrier": {
            "code": "VA",
            "name": "Virgin Australia"
          },
          "operatingFlightNumber": "0413",
          "equipment": {
            "code": "73H",
            "name": "Boeing 737-800 (with winglets)"
          },
          "actionCode": "HK",
          "fareClass": "X",
          "fareBrand": {
            "code": "RE",
            "name": "Reward Economy"
          },
          "cabin": {
            "code": "Y",
            "name": "Economy"
          },
          "checkInInfo": {
            "onlineCheckIn": {
              "open": 2880,
              "close": 45
            },
            "counterCheckIn": {
              "open": 120,
              "close": 30
            }
          },
          "flightId": "VA413/19NOV19ADL",
          "journeyId": "VA413/19NOV19ADL",
          "journeyRoute": "ADL-SYD",
          "journeyIsInternational": false
        }
      ],
      "passengers": [
        {
          "type": "Adult",
          "id": "01.01",
          "givenName": "ANDREW",
          "surname": "TEST",
          "title": "MR",
          "loyaltyMembership": {
            "programId": "VA",
            "membershipId": "1182369533",
            "tier": "GLD"
          },
          "itinerary": [
            {
              "seatSelection": false,
              "seatSelectionClosedDateTime": "2020-10-15T07:40:00+11:00",
              "seatSelectionReason": "seat selection closed",
              "seat": "6C",
              "seatClass": "Economy",
              "baggageAllowance": {
                "includedAllowance": {
                  "pieces": 2,
                  "weightPerPiece": {
                    "value": 23,
                    "unit": "KG"
                  }
                }
              },
              "id": 1,
              "flightId": "VA412/15OCT19SYD"
            },
            {
              "seatSelection": false,
              "seatSelectionClosedDateTime": "2020-11-19T08:00:00+10:30",
              "seatSelectionReason": "seat selection closed",
              "seat": "6C",
              "seatClass": "Economy",
              "baggageAllowance": {
                "includedAllowance": {
                  "pieces": 2,
                  "weightPerPiece": {
                    "value": 23,
                    "unit": "KG"
                  }
                }
              },
              "id": 2,
              "flightId": "VA413/19NOV19ADL"
            }
          ],
          "contactInfo": [
            {
              "type": "ContactEmail",
              "use": "@E",
              "value": "ANDREW.DEAN@VELOCITYFREQUENTFLYER.COM"
            },
            {
              "type": "ContactPhoneNumber",
              "value": "61400000001",
              "use": "M",
              "countryCode": "61"
            }
          ]
        },
        {
          "type": "Adult",
          "id": "02.01",
          "givenName": "MEM REAL A",
          "surname": "VFFQA",
          "title": "MR",
          "loyaltyMembership": {
            "programId": "VA",
            "membershipId": "7800003493",
            "tier": "GLD"
          },
          "itinerary": [
            {
              "seatSelection": false,
              "seatSelectionClosedDateTime": "2020-10-15T07:40:00+11:00",
              "seatSelectionReason": "seat selection closed",
              "seat": "6B",
              "seatClass": "Economy",
              "baggageAllowance": {
                "includedAllowance": {
                  "pieces": 2,
                  "weightPerPiece": {
                    "value": 23,
                    "unit": "KG"
                  }
                }
              },
              "id": 1,
              "flightId": "VA412/15OCT19SYD"
            },
            {
              "seatSelection": false,
              "seatSelectionClosedDateTime": "2020-11-19T08:00:00+10:30",
              "seatSelectionReason": "seat selection closed",
              "seat": "6B",
              "seatClass": "Economy",
              "baggageAllowance": {
                "includedAllowance": {
                  "pieces": 2,
                  "weightPerPiece": {
                    "value": 23,
                    "unit": "KG"
                  }
                }
              },
              "id": 2,
              "flightId": "VA413/19NOV19ADL"
            }
          ]
        }
      ]
    }
  ]
}
