[
    {
        "title": "What are the Monthly Points challenges?",
        "description": "<p><b><span class=\"color color--purple\">Become a Points Pro savvy and get up to 2,000 extra bonus Points!</span></b></p>\r\n<p>Monthly challenges are a great way to get even more Bonus Points. While all eligible Points earned between November and January count towards your total Points Pro goal, monthly challenges could get you up to 2,000 extra bonus Point</p>\r\n<p><b> </b></p>\r\n",
        "tiles": [
            {
                "iconUrl": "https://picsum.photos/100",
                "title": "November 23",
                "description": "<p>Earn 5,000 Points in October and get 100 Bonus Points</p>\r\n"
            },
            {
                "iconUrl": "https://picsum.photos/100",
                "title": "December 23",
                "description": "<p>Earn 7,500 Points in November and get 400 Bonus Points</p>\r\n"
            },
            {
                "iconUrl": "https://picsum.photos/100",
                "title": "January 24",
                "description": "<p>Earn 12,500 Points in December and get 1,000 Bonus Points</p>\r\n"
            }
        ],
        "componentKey": "aem-faq-content-section",
        "analyticsMetadata": {
            "analytics-metadata": "amd_faq-content-section_PS4HmUv5"
        },
        ":type": "vff-core/components/spa/faq-content-section/v1/faq-content-section"
    },
    {
        "title": "What are the Monthly Points challenges?",
        "description": "<p><b><span class=\"color color--purple\">Become a Points Pro savvy and get up to 2,000 extra bonus Points!</span></b></p>\r\n<p>Monthly challenges are a great way to get even more Bonus Points. While all eligible Points earned between November and January count towards your total Points Pro goal, monthly challenges could get you up to 2,000 extra bonus Point</p>\r\n<p><b> </b></p>\r\n",
        "componentKey": "aem-faq-content-section",
        "analyticsMetadata": {
            "analytics-metadata": "amd_faq-content-section_PS4HmUv5"
        },
        ":type": "vff-core/components/spa/faq-content-section/v1/faq-content-section",
        "backgroundColor": "purple"
    },
    {
        "title": "What are the Monthly Points challenges?",
        "description": "<ul><li><span class='vffutils__font-icon icon--info-with-circle'>Points may take up to 37 days to land in your account.</span></li><li>Points earned from an activity (e.g. taking a flight or e-Store purchase) within a given month will count towards that month, even if they don’t land here until the next one.</li><li>Some transactions, including Family Pooling do not count towards your Points Pro goals. View excluded transactions.</li></ul>",
        "componentKey": "aem-faq-content-section",
        "analyticsMetadata": {
            "analytics-metadata": "amd_faq-content-section_PS4HmUv5"
        },
        ":type": "vff-core/components/spa/faq-content-section/v1/faq-content-section",
        "backgroundColor": "pale-purple"
    }
]