{
  "imageRef": "https://via.placeholder.com/720x300",
  "imageAlt": "this is requied",
  "title": "Other offers for you",
  "description": "<p>Lorem ipsum, or lipsum as it is sometimes known, is dummy text used in laying out print, graphic or web designs. The passage is attributed to an unknown typesetter in the 15th century who is thought to have scrambled parts of Cicero's De Finibus Bonorum et Malorum for use in a type specimen book.</p>\r\n",
  "alignImageToRight": false,
  "ctaContainer": {
    "ctaTitle": "CTA title",
    "ctaUrl": "http://www.goole.com",
    "ctaOpenInNewTab": true,
    "ctaType": "tertiary",
    "ctaStyle": "tertiary",
    "ctaLabel": "Load more"
  },
  "renditions": {
    "imagesSet": {
      "720": "https://via.placeholder.com/555x300",
      "960": "https://via.placeholder.com/555x300",
      "1200": "https://via.placeholder.com/555x300",
      "1920": "https://via.placeholder.com/555x300"
    },
    "imageAlignment": {
      "horizontal": "center",
      "vertical": "center"
    },
    "imageDefault": "https://via.placeholder.com/555x300"
  },
  "imageBackgroundColor": "purple",
  "contentBackgroundColor": "dark-purple",
  "renditionImageKey": "inpage_bannerir_test-suffix",
  "analyticsMetadataMap": {
    "offerid": "haha"
  },
  "analyticsMetadata": {
    "analytics-metadata": "amd_inpage_bannertest-suffix"
  },
  ":type": "vff-core/components/content/inpage-banner"
}
