{
  "title": "Find Velocity Points shopping online with Velocity Shop & Earn",
  "description": "<p>Velocity Shop &amp; Earn is your new online shopping companion. It automatically shows you when you can earn Points shopping at hundreds of participating partner stores.</p>\r\n",
  "imageRef": "/content/dam/vff/Shop-and-earn-banner.jpg",
  "isSafariEnabled": true,
  "extensionNotInstalled": {
    "primaryChromeCtaContainer": {
      "ctaTitle": "Add to google chrome",
      "ctaUrl": "https://chrome.google.com/webstore/detail/shop-earn/bomcmemgajomdhikhffbbconcnimgbam",
      "ctaOpenInNewTab": true,
      "ctaType": "tertiary",
      "ctaStyle": "tertiary",
      "ctaAsLink": false,
      "ctaLabel": "Add to Google Chrome"
    },
    "secondaryChromeCtaContainer": {
      "ctaTitle": "Also available for google chrome",
      "ctaUrl": "https://chrome.google.com/webstore/detail/shop-earn/bomcmemgajomdhikhffbbconcnimgbam",
      "ctaOpenInNewTab": true,
      "ctaType": "white-link",
      "ctaStyle": "white-link",
      "ctaAsLink": true,
      "ctaLabel": "Also available for google chrome"
    },
    "mobilePrimaryChromeCtaContainer": {
      "ctaTitle": "Google chrome desktop web browsers",
      "ctaUrl": "https://chrome.google.com/webstore/detail/shop-earn/bomcmemgajomdhikhffbbconcnimgbam",
      "ctaOpenInNewTab": true,
      "ctaType": "white-link",
      "ctaStyle": "white-link",
      "ctaAsLink": true,
      "ctaLabel": "Google chrome desktop web browsers"
    },
    "mobileSecondaryChromeCtaContainer": {
      "ctaTitle": "Also available for desktop Google Chrome",
      "ctaUrl": "https://chrome.google.com/webstore/detail/shop-earn/bomcmemgajomdhikhffbbconcnimgbam",
      "ctaOpenInNewTab": true,
      "ctaType": "white-link",
      "ctaStyle": "white-link",
      "ctaAsLink": true,
      "ctaLabel": "Also available for desktop Google Chrome"
    },
    "primarySafariCtaContainer": {
      "ctaTitle": "Add to safari",
      "ctaOpenInNewTab": false,
      "ctaType": "tertiary",
      "ctaStyle": "tertiary",
      "ctaAsLink": false,
      "ctaLabel": "Add to safari"
    },
    "secondarySafariCtaContainer": {
      "ctaTitle": "Also available for safari",
      "ctaOpenInNewTab": false,
      "ctaType": "white-link",
      "ctaStyle": "white-link",
      "ctaAsLink": true,
      "ctaLabel": "Also available for safari"
    },
    "mobilePrimarySafariCtaContainer": {
      "ctaTitle": "Add to safari",
      "ctaOpenInNewTab": true,
      "ctaType": "white-link",
      "ctaStyle": "white-link",
      "ctaAsLink": true,
      "ctaLabel": "Add to safari"
    },
    "mobileSecondarySafariCtaContainer": {
      "ctaTitle": "Safari on Mac and iOS",
      "ctaOpenInNewTab": false,
      "ctaType": "white-link",
      "ctaStyle": "white-link",
      "ctaAsLink": true,
      "ctaLabel": "Safari on Mac and iOS"
    }
  },
  "extensionInstalled": {
    "message": "<p>Extension added sucesfully.</p>\r\n",
    "ctaContainer": {
      "ctaTitle": "Find participating partners",
      "ctaUrl": "/content/vff/velocity/en_au/home/my-velocity/offers.html",
      "ctaOpenInNewTab": false,
      "ctaType": "secondary",
      "ctaAsLink": true,
      "ctaStyle": "secondary",
      "ctaLabel": "Find participating partners"
    }
  },
  "extensionUnsupported": {
    "ctaContainer": {
      "ctaTitle": "Google Chrome",
      "ctaUrl": "/content/vff/velocity/en_au/home/my-velocity.html",
      "ctaOpenInNewTab": false,
      "ctaType": "white-link",
      "ctaIcon": "https://via.placeholder.com/24x24",
      "ctaAsLink": true,
      "ctaStyle": "white-link",
      "ctaLabel": "Google Chrome"
    },
    "safariCtaContainer": {
      "ctaTitle": "Available in the Chrome Web Store",
      "ctaUrl": "https://chrome.google.com/webstore/detail/shop-earn/bomcmemgajomdhikhffbbconcnimgbam",
      "ctaOpenInNewTab": true,
      "ctaType": "white-link",
      "ctaImage": "/content/dam/vff/velocity-new/shopping-online/velocity-shop-and-earn-chrome-extension/Available_in_chrome_web_store_button.png",
      "ctaStyle": "white-link",
      "ctaAsLink": true,
      "ctaLabel": "Available in the Chrome Web Store"
    }
  },
  "renditions": {
    "imagesSet": {
      "1280": "/content/dam/vff/Shop-and-earn-banner.jpg/jcr:content/renditions/cq5dam.web.1280.1280.jpeg"
    },
    "imageRenditionsMap": {
      "small": {
        "imagesSet": {
          "1280": "/content/dam/vff/Shop-and-earn-banner.jpg/jcr:content/renditions/cq5dam.web.1280.1280.jpeg"
        },
        "imageAlignment": {
          "horizontal": "center",
          "vertical": "center"
        },
        "imageDefault": "/content/dam/vff/Shop-and-earn-banner.jpg/jcr:content/renditions/cq5dam.web.1280.1280.jpeg"
      }
    },
    "imageDefault": "/content/dam/vff/Shop-and-earn-banner.jpg/jcr:content/renditions/cq5dam.web.1280.1280.jpeg"
  },
  "extensionId": "bomcmemgajomdhikhffbbconcnimgbam",
  "renditionImageKey": "shop-earn-banner_ir_c5gtQKtb",
  "componentKey": "aem-shop-earn-banner",
  "analyticsMetadata": {
    "analytics-metadata": "amd_shop-earn-banner_c5gtQKtb"
  },
  ":type": "vff-core/components/content/shop-earn-banner"
}
