{
  "title": "title",
  "videoRef": "/content/dam/vff/velocity-new/partners-offers/credit-cards-banking-insurance/american-express/videos/Godzilla-3.mp4",
  "autoPlay": false,
  "controls": false,
  "defaultImageRef": "/content/dam/vff/base/VFF-Onboarding-BG-1.jpg/jcr:content/renditions/cq5dam.web.1280.1280.jpeg",
  "insideLayoutBaseGrid": false,
  "youtubeType": false,
  "componentKey": "aem-video",
  "analyticsMetadata": {
    "analytics-metadata": "amd_video_XEYfeHyA"
  },
  ":type": "vff-core/components/content/video"
}
