{
  "quickLinks": [
    {
      "title": "My Velocity",
      "iconUrl": "https://via.placeholder.com/30x30",
      "label": "Claim Missing Points",
      "openInNewTab": false,
      "href": "/content/vff/velocity/en_au/home/my-velocity.html"
    },
    {
      "title": "Partners & Offers",
      "iconUrl": "https://via.placeholder.com/30x30",
      "label": "Transfer Points",
      "openInNewTab": true,
      "href": "/content/vff/velocity/en_au/home/partners-offers.html"
    },
    {
      "title": "Your Offers",
      "iconUrl": "https://via.placeholder.com/30x30",
      "label": "Your Offers",
      "openInNewTab": true,
      "href": "/content/vff/velocity/en_au/home/partners-offers.html"
    },
    {
      "title": "Book a Flight",
      "iconUrl": "https://via.placeholder.com/30x30",
      "label": "Book a Flight",
      "openInNewTab": true,
      "href": "/content/vff/velocity/en_au/home/partners-offers.html"
    }
  ],
  "analyticsMetadata": {
    "analytics-metadata": "amd_quick_links_azb1BMZJ"
  },
  "isSideBarMode": false,
  ":type": "vff-core/components/content/quick-links"
}
